"COUNTRY","Country","PAYP","Pay period","TIME","Time","Unit Code","Unit","PowerCode Code","PowerCode","Reference Period Code","Reference Period","Value","Flag Codes","Flags"
"CAN","Canada","H","Hourly","2010","2010","CAD","Canadian Dollar","0","Units",,,9.35,,
"CAN","Canada","H","Hourly","2011","2011","CAD","Canadian Dollar","0","Units",,,9.65,,
"CAN","Canada","H","Hourly","2012","2012","CAD","Canadian Dollar","0","Units",,,9.98,,
"CAN","Canada","H","Hourly","2013","2013","CAD","Canadian Dollar","0","Units",,,10.14,,
"CAN","Canada","H","Hourly","2014","2014","CAD","Canadian Dollar","0","Units",,,10.4,,
"CAN","Canada","H","Hourly","2015","2015","CAD","Canadian Dollar","0","Units",,,10.68,,
"CAN","Canada","H","Hourly","2016","2016","CAD","Canadian Dollar","0","Units",,,11,,
"CAN","Canada","H","Hourly","2017","2017","CAD","Canadian Dollar","0","Units",,,11.37,,
"CAN","Canada","H","Hourly","2018","2018","CAD","Canadian Dollar","0","Units",,,12.85,,
"CAN","Canada","H","Hourly","2019","2019","CAD","Canadian Dollar","0","Units",,,13.32,,
"CAN","Canada","H","Hourly","2020","2020","CAD","Canadian Dollar","0","Units",,,13.66,,
"PRT","Portugal","M","Monthly","2010","2010","EUR","Euro","0","Units",,,554.17,,
"PRT","Portugal","M","Monthly","2011","2011","EUR","Euro","0","Units",,,565.83,,
"PRT","Portugal","M","Monthly","2012","2012","EUR","Euro","0","Units",,,565.83,,
"PRT","Portugal","M","Monthly","2013","2013","EUR","Euro","0","Units",,,565.83,,
"PRT","Portugal","M","Monthly","2014","2014","EUR","Euro","0","Units",,,565.83,,
"PRT","Portugal","M","Monthly","2015","2015","EUR","Euro","0","Units",,,589.17,,
"PRT","Portugal","M","Monthly","2016","2016","EUR","Euro","0","Units",,,618.33,,
"PRT","Portugal","M","Monthly","2017","2017","EUR","Euro","0","Units",,,649.83,,
"PRT","Portugal","M","Monthly","2018","2018","EUR","Euro","0","Units",,,676.67,,
"PRT","Portugal","M","Monthly","2019","2019","EUR","Euro","0","Units",,,700,,
"PRT","Portugal","M","Monthly","2020","2020","EUR","Euro","0","Units",,,740.8,,
"PRT","Portugal","M","Monthly","2021","2021","EUR","Euro","0","Units",,,775.8,,
"NLD","Netherlands","A","Annual","2010","2010","EUR","Euro","0","Units",,,18297,,
"NLD","Netherlands","A","Annual","2011","2011","EUR","Euro","0","Units",,,18427,,
"NLD","Netherlands","A","Annual","2012","2012","EUR","Euro","0","Units",,,18810,,
"NLD","Netherlands","A","Annual","2013","2013","EUR","Euro","0","Units",,,19044,,
"NLD","Netherlands","A","Annual","2014","2014","EUR","Euro","0","Units",,,19316,,
"NLD","Netherlands","A","Annual","2015","2015","EUR","Euro","0","Units",,,19464,,
"NLD","Netherlands","A","Annual","2016","2016","EUR","Euro","0","Units",,,19841,,
"NLD","Netherlands","A","Annual","2017","2017","EUR","Euro","0","Units",,,20198,,
"NLD","Netherlands","A","Annual","2018","2018","EUR","Euro","0","Units",,,20556,,
"NLD","Netherlands","A","Annual","2019","2019","EUR","Euro","0","Units",,,21069,,
"NLD","Netherlands","A","Annual","2020","2020","EUR","Euro","0","Units",,,21602,,
"NLD","Netherlands","A","Annual","2021","2021","EUR","Euro","0","Units",,,21940,,
"EST","Estonia","M","Monthly","2010","2010","EUR","Euro","0","Units",,,278.02,,
"EST","Estonia","M","Monthly","2011","2011","EUR","Euro","0","Units",,,278.02,,
"EST","Estonia","M","Monthly","2012","2012","EUR","Euro","0","Units",,,290,,
"EST","Estonia","M","Monthly","2013","2013","EUR","Euro","0","Units",,,320,,
"EST","Estonia","M","Monthly","2014","2014","EUR","Euro","0","Units",,,355,,
"EST","Estonia","M","Monthly","2015","2015","EUR","Euro","0","Units",,,390,,
"EST","Estonia","M","Monthly","2016","2016","EUR","Euro","0","Units",,,430,,
"EST","Estonia","M","Monthly","2017","2017","EUR","Euro","0","Units",,,470,,
"EST","Estonia","M","Monthly","2018","2018","EUR","Euro","0","Units",,,500,,
"EST","Estonia","M","Monthly","2019","2019","EUR","Euro","0","Units",,,540,,
"EST","Estonia","M","Monthly","2020","2020","EUR","Euro","0","Units",,,584,,
"EST","Estonia","M","Monthly","2021","2021","EUR","Euro","0","Units",,,584,,
"BRA","Brazil","M","Monthly","2010","2010","BRL","Brazilian Real","0","Units",,,510,,
"BRA","Brazil","M","Monthly","2011","2011","BRL","Brazilian Real","0","Units",,,544.17,,
"BRA","Brazil","M","Monthly","2012","2012","BRL","Brazilian Real","0","Units",,,622,,
"BRA","Brazil","M","Monthly","2013","2013","BRL","Brazilian Real","0","Units",,,678,,
"BRA","Brazil","M","Monthly","2014","2014","BRL","Brazilian Real","0","Units",,,724,,
"BRA","Brazil","M","Monthly","2015","2015","BRL","Brazilian Real","0","Units",,,788,,
"BRA","Brazil","M","Monthly","2016","2016","BRL","Brazilian Real","0","Units",,,880,,
"BRA","Brazil","M","Monthly","2017","2017","BRL","Brazilian Real","0","Units",,,937,,
"BRA","Brazil","M","Monthly","2018","2018","BRL","Brazilian Real","0","Units",,,954,,
"BRA","Brazil","M","Monthly","2019","2019","BRL","Brazilian Real","0","Units",,,998,,
"BRA","Brazil","M","Monthly","2020","2020","BRL","Brazilian Real","0","Units",,,1045,,
"BRA","Brazil","M","Monthly","2021","2021","BRL","Brazilian Real","0","Units",,,1100,,
"KOR","Korea","H","Hourly","2010","2010","KRW","Won","0","Units",,,4110,,
"KOR","Korea","H","Hourly","2011","2011","KRW","Won","0","Units",,,4320,,
"KOR","Korea","H","Hourly","2012","2012","KRW","Won","0","Units",,,4580,,
"KOR","Korea","H","Hourly","2013","2013","KRW","Won","0","Units",,,4860,,
"KOR","Korea","H","Hourly","2014","2014","KRW","Won","0","Units",,,5210,,
"KOR","Korea","H","Hourly","2015","2015","KRW","Won","0","Units",,,5580,,
"KOR","Korea","H","Hourly","2016","2016","KRW","Won","0","Units",,,6030,,
"KOR","Korea","H","Hourly","2017","2017","KRW","Won","0","Units",,,6470,,
"KOR","Korea","H","Hourly","2018","2018","KRW","Won","0","Units",,,7530,,
"KOR","Korea","H","Hourly","2019","2019","KRW","Won","0","Units",,,8350,,
"KOR","Korea","H","Hourly","2020","2020","KRW","Won","0","Units",,,8590,,
"KOR","Korea","H","Hourly","2021","2021","KRW","Won","0","Units",,,8720,,
"TUR","Turkey","M","Monthly","2010","2010","TRY","Turkish Lira","0","Units",,,744.8,,
"TUR","Turkey","M","Monthly","2011","2011","TRY","Turkish Lira","0","Units",,,816.8,,
"TUR","Turkey","M","Monthly","2012","2012","TRY","Turkish Lira","0","Units",,,913.5,,
"TUR","Turkey","M","Monthly","2013","2013","TRY","Turkish Lira","0","Units",,,1000.1,,
"TUR","Turkey","M","Monthly","2014","2014","TRY","Turkish Lira","0","Units",,,1102.5,,
"TUR","Turkey","M","Monthly","2015","2015","TRY","Turkish Lira","0","Units",,,1237.5,,
"TUR","Turkey","M","Monthly","2016","2016","TRY","Turkish Lira","0","Units",,,1647,,
"TUR","Turkey","M","Monthly","2017","2017","TRY","Turkish Lira","0","Units",,,1777.5,,
"TUR","Turkey","M","Monthly","2018","2018","TRY","Turkish Lira","0","Units",,,2029.5,,
"TUR","Turkey","M","Monthly","2019","2019","TRY","Turkish Lira","0","Units",,,2558.4,,
"TUR","Turkey","M","Monthly","2020","2020","TRY","Turkish Lira","0","Units",,,2943,,
"TUR","Turkey","M","Monthly","2021","2021","TRY","Turkish Lira","0","Units",,,3577.5,,
"LVA","Latvia","A","Annual","2010","2010","EUR","Euro","0","Units",,,3067.2,,
"LVA","Latvia","A","Annual","2011","2011","EUR","Euro","0","Units",,,3408,,
"LVA","Latvia","A","Annual","2012","2012","EUR","Euro","0","Units",,,3408,,
"LVA","Latvia","A","Annual","2013","2013","EUR","Euro","0","Units",,,3408,,
"LVA","Latvia","A","Annual","2014","2014","EUR","Euro","0","Units",,,3840,,
"LVA","Latvia","A","Annual","2015","2015","EUR","Euro","0","Units",,,4320,,
"LVA","Latvia","A","Annual","2016","2016","EUR","Euro","0","Units",,,4440,,
"LVA","Latvia","A","Annual","2017","2017","EUR","Euro","0","Units",,,4560,,
"LVA","Latvia","A","Annual","2018","2018","EUR","Euro","0","Units",,,5160,,
"LVA","Latvia","A","Annual","2019","2019","EUR","Euro","0","Units",,,5160,,
"LVA","Latvia","A","Annual","2020","2020","EUR","Euro","0","Units",,,5160,,
"LVA","Latvia","A","Annual","2021","2021","EUR","Euro","0","Units",,,6000,,
"AUS","Australia","W","Weekly","2010","2010","AUD","Australian Dollar","0","Units",,,556.84,,
"AUS","Australia","W","Weekly","2011","2011","AUD","Australian Dollar","0","Units",,,579.6,,
"AUS","Australia","W","Weekly","2012","2012","AUD","Australian Dollar","0","Units",,,597.85,,
"AUS","Australia","W","Weekly","2013","2013","AUD","Australian Dollar","0","Units",,,614.3,,
"AUS","Australia","W","Weekly","2014","2014","AUD","Australian Dollar","0","Units",,,631.55,,
"AUS","Australia","W","Weekly","2015","2015","AUD","Australian Dollar","0","Units",,,648.9,,
"AUS","Australia","W","Weekly","2016","2016","AUD","Australian Dollar","0","Units",,,664.8,,
"AUS","Australia","W","Weekly","2017","2017","AUD","Australian Dollar","0","Units",,,683.8,,
"AUS","Australia","W","Weekly","2018","2018","AUD","Australian Dollar","0","Units",,,707.05,,
"AUS","Australia","W","Weekly","2019","2019","AUD","Australian Dollar","0","Units",,,730,,
"AUS","Australia","W","Weekly","2020","2020","AUD","Australian Dollar","0","Units",,,747.3,,
"AUS","Australia","W","Weekly","2021","2021","AUD","Australian Dollar","0","Units",,,763.2,,
"HUN","Hungary","M","Monthly","2010","2010","HUF","Forint","0","Units",,,73500,,
"HUN","Hungary","M","Monthly","2011","2011","HUF","Forint","0","Units",,,78000,,
"HUN","Hungary","M","Monthly","2012","2012","HUF","Forint","0","Units",,,93000,,
"HUN","Hungary","M","Monthly","2013","2013","HUF","Forint","0","Units",,,98000,,
"HUN","Hungary","M","Monthly","2014","2014","HUF","Forint","0","Units",,,101500,,
"HUN","Hungary","M","Monthly","2015","2015","HUF","Forint","0","Units",,,105000,,
"HUN","Hungary","M","Monthly","2016","2016","HUF","Forint","0","Units",,,111000,,
"HUN","Hungary","M","Monthly","2017","2017","HUF","Forint","0","Units",,,127650,,
"HUN","Hungary","M","Monthly","2018","2018","HUF","Forint","0","Units",,,138000,,
"HUN","Hungary","M","Monthly","2019","2019","HUF","Forint","0","Units",,,149000,,
"HUN","Hungary","M","Monthly","2020","2020","HUF","Forint","0","Units",,,161000,,
"HUN","Hungary","M","Monthly","2021","2021","HUF","Forint","0","Units",,,166867,,
"ROU","Romania","M","Monthly","2010","2010","RON","Romanian Leu","0","Units",,,600,,
"ROU","Romania","M","Monthly","2011","2011","RON","Romanian Leu","0","Units",,,670,,
"ROU","Romania","M","Monthly","2012","2012","RON","Romanian Leu","0","Units",,,700,,
"ROU","Romania","M","Monthly","2013","2013","RON","Romanian Leu","0","Units",,,775,,
"ROU","Romania","M","Monthly","2014","2014","RON","Romanian Leu","0","Units",,,879.17,,
"ROU","Romania","M","Monthly","2015","2015","RON","Romanian Leu","0","Units",,,1018.75,,
"ROU","Romania","M","Monthly","2016","2016","RON","Romanian Leu","0","Units",,,1166.67,,
"ROU","Romania","M","Monthly","2017","2017","RON","Romanian Leu","0","Units",,,1433.33,,
"ROU","Romania","M","Monthly","2018","2018","RON","Romanian Leu","0","Units",,,1900,,
"ROU","Romania","M","Monthly","2019","2019","RON","Romanian Leu","0","Units",,,2080,,
"ROU","Romania","M","Monthly","2020","2020","RON","Romanian Leu","0","Units",,,2230,,
"ROU","Romania","M","Monthly","2021","2021","RON","Romanian Leu","0","Units",,,2271,,
"SVK","Slovak Republic","A","Annual","2010","2010","EUR","Euro","0","Units",,,3692.4,,
"SVK","Slovak Republic","A","Annual","2011","2011","EUR","Euro","0","Units",,,3804,,
"SVK","Slovak Republic","A","Annual","2012","2012","EUR","Euro","0","Units",,,3926.4,,
"SVK","Slovak Republic","A","Annual","2013","2013","EUR","Euro","0","Units",,,4052.4,,
"SVK","Slovak Republic","A","Annual","2014","2014","EUR","Euro","0","Units",,,4224,,
"SVK","Slovak Republic","A","Annual","2015","2015","EUR","Euro","0","Units",,,4560,,
"SVK","Slovak Republic","A","Annual","2016","2016","EUR","Euro","0","Units",,,4860,,
"SVK","Slovak Republic","A","Annual","2017","2017","EUR","Euro","0","Units",,,5220,,
"SVK","Slovak Republic","A","Annual","2018","2018","EUR","Euro","0","Units",,,5760,,
"SVK","Slovak Republic","A","Annual","2019","2019","EUR","Euro","0","Units",,,6240,,
"SVK","Slovak Republic","A","Annual","2020","2020","EUR","Euro","0","Units",,,6960,,
"SVK","Slovak Republic","A","Annual","2021","2021","EUR","Euro","0","Units",,,7476,,
"SVN","Slovenia","M","Monthly","2010","2010","EUR","Euro","0","Units",,,711.36,,
"SVN","Slovenia","M","Monthly","2011","2011","EUR","Euro","0","Units",,,745.78,,
"SVN","Slovenia","M","Monthly","2012","2012","EUR","Euro","0","Units",,,763.03,,
"SVN","Slovenia","M","Monthly","2013","2013","EUR","Euro","0","Units",,,783.66,,
"SVN","Slovenia","M","Monthly","2014","2014","EUR","Euro","0","Units",,,788.69,,
"SVN","Slovenia","M","Monthly","2015","2015","EUR","Euro","0","Units",,,791,,
"SVN","Slovenia","M","Monthly","2016","2016","EUR","Euro","0","Units",,,791,,
"SVN","Slovenia","M","Monthly","2017","2017","EUR","Euro","0","Units",,,804.96,,
"SVN","Slovenia","M","Monthly","2018","2018","EUR","Euro","0","Units",,,842.79,,
"SVN","Slovenia","M","Monthly","2019","2019","EUR","Euro","0","Units",,,886.63,,
"SVN","Slovenia","M","Monthly","2020","2020","EUR","Euro","0","Units",,,940.58,,
"SVN","Slovenia","M","Monthly","2021","2021","EUR","Euro","0","Units",,,1024.24,,
"LUX","Luxembourg","A","Annual","2010","2010","EUR","Euro","0","Units",,,20445.42,,
"LUX","Luxembourg","A","Annual","2011","2011","EUR","Euro","0","Units",,,21090.72,,
"LUX","Luxembourg","A","Annual","2012","2012","EUR","Euro","0","Units",,,21486.09,,
"LUX","Luxembourg","A","Annual","2013","2013","EUR","Euro","0","Units",,,21835.98,,
"LUX","Luxembourg","A","Annual","2014","2014","EUR","Euro","0","Units",,,22917.63,,
"LUX","Luxembourg","A","Annual","2015","2015","EUR","Euro","0","Units",,,23075.52,,
"LUX","Luxembourg","A","Annual","2016","2016","EUR","Euro","0","Units",,,23075.52,,
"LUX","Luxembourg","A","Annual","2017","2017","EUR","Euro","0","Units",,,23983.08,,
"LUX","Luxembourg","A","Annual","2018","2018","EUR","Euro","0","Units",,,24232.83,,
"LUX","Luxembourg","A","Annual","2019","2019","EUR","Euro","0","Units",,,25077,,
"LUX","Luxembourg","A","Annual","2020","2020","EUR","Euro","0","Units",,,25704,,
"LUX","Luxembourg","A","Annual","2021","2021","EUR","Euro","0","Units",,,26588,,
"NZL","New Zealand","W","Weekly","2010","2010","NZD","New Zealand Dollar","0","Units",,,507.5,,
"NZL","New Zealand","W","Weekly","2011","2011","NZD","New Zealand Dollar","0","Units",,,517.5,,
"NZL","New Zealand","W","Weekly","2012","2012","NZD","New Zealand Dollar","0","Units",,,535,,
"NZL","New Zealand","W","Weekly","2013","2013","NZD","New Zealand Dollar","0","Units",,,547.5,,
"NZL","New Zealand","W","Weekly","2014","2014","NZD","New Zealand Dollar","0","Units",,,565,,
"NZL","New Zealand","W","Weekly","2015","2015","NZD","New Zealand Dollar","0","Units",,,585,,
"NZL","New Zealand","W","Weekly","2016","2016","NZD","New Zealand Dollar","0","Units",,,605,,
"NZL","New Zealand","W","Weekly","2017","2017","NZD","New Zealand Dollar","0","Units",,,625,,
"NZL","New Zealand","W","Weekly","2018","2018","NZD","New Zealand Dollar","0","Units",,,647.5,,
"NZL","New Zealand","W","Weekly","2019","2019","NZD","New Zealand Dollar","0","Units",,,681,,
"NZL","New Zealand","W","Weekly","2020","2020","NZD","New Zealand Dollar","0","Units",,,744,,
"NZL","New Zealand","W","Weekly","2021","2021","NZD","New Zealand Dollar","0","Units",,,789,,
"HUN","Hungary","H","Hourly","2010","2010","HUF","Forint","0","Units",,,424.7,,
"HUN","Hungary","H","Hourly","2011","2011","HUF","Forint","0","Units",,,450.7,,
"HUN","Hungary","H","Hourly","2012","2012","HUF","Forint","0","Units",,,537.3,,
"HUN","Hungary","H","Hourly","2013","2013","HUF","Forint","0","Units",,,566.2,,
"HUN","Hungary","H","Hourly","2014","2014","HUF","Forint","0","Units",,,586.4,,
"HUN","Hungary","H","Hourly","2015","2015","HUF","Forint","0","Units",,,604,,
"HUN","Hungary","H","Hourly","2016","2016","HUF","Forint","0","Units",,,639,,
"HUN","Hungary","H","Hourly","2017","2017","HUF","Forint","0","Units",,,725.3,,
"HUN","Hungary","H","Hourly","2018","2018","HUF","Forint","0","Units",,,784.1,,
"HUN","Hungary","H","Hourly","2019","2019","HUF","Forint","0","Units",,,857,,
"HUN","Hungary","H","Hourly","2020","2020","HUF","Forint","0","Units",,,926,,
"HUN","Hungary","H","Hourly","2021","2021","HUF","Forint","0","Units",,,959.9,,
"CHL","Chile","A","Annual","2010","2010","CLP","Chilean Peso","0","Units",,,2022000,,
"CHL","Chile","A","Annual","2011","2011","CLP","Chilean Peso","0","Units",,,2124000,,
"CHL","Chile","A","Annual","2012","2012","CLP","Chilean Peso","0","Units",,,2250000,,
"CHL","Chile","A","Annual","2013","2013","CLP","Chilean Peso","0","Units",,,2401000,,
"CHL","Chile","A","Annual","2014","2014","CLP","Chilean Peso","0","Units",,,2595000,,
"CHL","Chile","A","Annual","2015","2015","CLP","Chilean Peso","0","Units",,,2781000,,
"CHL","Chile","A","Annual","2016","2016","CLP","Chilean Peso","0","Units",,,3045000,,
"CHL","Chile","A","Annual","2017","2017","CLP","Chilean Peso","0","Units",,,3204000,,
"CHL","Chile","A","Annual","2018","2018","CLP","Chilean Peso","0","Units",,,3360000,,
"CHL","Chile","A","Annual","2019","2019","CLP","Chilean Peso","0","Units",,,3586000,,
"CHL","Chile","A","Annual","2020","2020","CLP","Chilean Peso","0","Units",,,3807000,,
"CHL","Chile","A","Annual","2021","2021","CLP","Chilean Peso","0","Units",,,4011000,,
"KOR","Korea","M","Monthly","2010","2010","KRW","Won","0","Units",,,928860,,
"KOR","Korea","M","Monthly","2011","2011","KRW","Won","0","Units",,,976320,,
"KOR","Korea","M","Monthly","2012","2012","KRW","Won","0","Units",,,957220,,
"KOR","Korea","M","Monthly","2013","2013","KRW","Won","0","Units",,,1015740,,
"KOR","Korea","M","Monthly","2014","2014","KRW","Won","0","Units",,,1088890,,
"KOR","Korea","M","Monthly","2015","2015","KRW","Won","0","Units",,,1166220,,
"KOR","Korea","M","Monthly","2016","2016","KRW","Won","0","Units",,,1260270,,
"KOR","Korea","M","Monthly","2017","2017","KRW","Won","0","Units",,,1352230,,
"KOR","Korea","M","Monthly","2018","2018","KRW","Won","0","Units",,,1573770,,
"KOR","Korea","M","Monthly","2019","2019","KRW","Won","0","Units",,,1745150,,
"KOR","Korea","M","Monthly","2020","2020","KRW","Won","0","Units",,,1795310,,
"KOR","Korea","M","Monthly","2021","2021","KRW","Won","0","Units",,,1822480,,
"CZE","Czech Republic","A","Annual","2010","2010","CZK","Czech Koruna","0","Units",,,96000,,
"CZE","Czech Republic","A","Annual","2011","2011","CZK","Czech Koruna","0","Units",,,96000,,
"CZE","Czech Republic","A","Annual","2012","2012","CZK","Czech Koruna","0","Units",,,96000,,
"CZE","Czech Republic","A","Annual","2013","2013","CZK","Czech Koruna","0","Units",,,98500,,
"CZE","Czech Republic","A","Annual","2014","2014","CZK","Czech Koruna","0","Units",,,102000,,
"CZE","Czech Republic","A","Annual","2015","2015","CZK","Czech Koruna","0","Units",,,110400,,
"CZE","Czech Republic","A","Annual","2016","2016","CZK","Czech Koruna","0","Units",,,118800,,
"CZE","Czech Republic","A","Annual","2017","2017","CZK","Czech Koruna","0","Units",,,132000,,
"CZE","Czech Republic","A","Annual","2018","2018","CZK","Czech Koruna","0","Units",,,146400,,
"CZE","Czech Republic","A","Annual","2019","2019","CZK","Czech Koruna","0","Units",,,162000,,
"CZE","Czech Republic","A","Annual","2020","2020","CZK","Czech Koruna","0","Units",,,175200,,
"CZE","Czech Republic","A","Annual","2021","2021","CZK","Czech Koruna","0","Units",,,182400,,
"USA","United States","A","Annual","2010","2010","USD","US Dollar","0","Units",,,15080,,
"USA","United States","A","Annual","2011","2011","USD","US Dollar","0","Units",,,15080,,
"USA","United States","A","Annual","2012","2012","USD","US Dollar","0","Units",,,15080,,
"USA","United States","A","Annual","2013","2013","USD","US Dollar","0","Units",,,15080,,
"USA","United States","A","Annual","2014","2014","USD","US Dollar","0","Units",,,15080,,
"USA","United States","A","Annual","2015","2015","USD","US Dollar","0","Units",,,15080,,
"USA","United States","A","Annual","2016","2016","USD","US Dollar","0","Units",,,15080,,
"USA","United States","A","Annual","2017","2017","USD","US Dollar","0","Units",,,15080,,
"USA","United States","A","Annual","2018","2018","USD","US Dollar","0","Units",,,15080,,
"USA","United States","A","Annual","2019","2019","USD","US Dollar","0","Units",,,15080,,
"USA","United States","A","Annual","2020","2020","USD","US Dollar","0","Units",,,15080,,
"USA","United States","A","Annual","2021","2021","USD","US Dollar","0","Units",,,15080,,
"SVN","Slovenia","A","Annual","2010","2010","EUR","Euro","0","Units",,,8536.36,,
"SVN","Slovenia","A","Annual","2011","2011","EUR","Euro","0","Units",,,8949.3,,
"SVN","Slovenia","A","Annual","2012","2012","EUR","Euro","0","Units",,,9156.36,,
"SVN","Slovenia","A","Annual","2013","2013","EUR","Euro","0","Units",,,9403.92,,
"SVN","Slovenia","A","Annual","2014","2014","EUR","Euro","0","Units",,,9464.31,,
"SVN","Slovenia","A","Annual","2015","2015","EUR","Euro","0","Units",,,9492,,
"SVN","Slovenia","A","Annual","2016","2016","EUR","Euro","0","Units",,,9492,,
"SVN","Slovenia","A","Annual","2017","2017","EUR","Euro","0","Units",,,9659.52,,
"SVN","Slovenia","A","Annual","2018","2018","EUR","Euro","0","Units",,,10113.48,,
"SVN","Slovenia","A","Annual","2019","2019","EUR","Euro","0","Units",,,10639.56,,
"SVN","Slovenia","A","Annual","2020","2020","EUR","Euro","0","Units",,,11287,,
"SVN","Slovenia","A","Annual","2021","2021","EUR","Euro","0","Units",,,12291,,
"AUS","Australia","H","Hourly","2010","2010","AUD","Australian Dollar","0","Units",,,14.66,,
"AUS","Australia","H","Hourly","2011","2011","AUD","Australian Dollar","0","Units",,,15.26,,
"AUS","Australia","H","Hourly","2012","2012","AUD","Australian Dollar","0","Units",,,15.74,,
"AUS","Australia","H","Hourly","2013","2013","AUD","Australian Dollar","0","Units",,,16.17,,
"AUS","Australia","H","Hourly","2014","2014","AUD","Australian Dollar","0","Units",,,16.62,,
"AUS","Australia","H","Hourly","2015","2015","AUD","Australian Dollar","0","Units",,,17.08,,
"AUS","Australia","H","Hourly","2016","2016","AUD","Australian Dollar","0","Units",,,17.5,,
"AUS","Australia","H","Hourly","2017","2017","AUD","Australian Dollar","0","Units",,,18,,
"AUS","Australia","H","Hourly","2018","2018","AUD","Australian Dollar","0","Units",,,18.61,,
"AUS","Australia","H","Hourly","2019","2019","AUD","Australian Dollar","0","Units",,,19.21,,
"AUS","Australia","H","Hourly","2020","2020","AUD","Australian Dollar","0","Units",,,19.67,,
"AUS","Australia","H","Hourly","2021","2021","AUD","Australian Dollar","0","Units",,,20.09,,
"TUR","Turkey","D","Daily","2010","2010","TRY","Turkish Lira","0","Units",,,24.825,,
"TUR","Turkey","D","Daily","2011","2011","TRY","Turkish Lira","0","Units",,,27.225,,
"TUR","Turkey","D","Daily","2012","2012","TRY","Turkish Lira","0","Units",,,30.45,,
"TUR","Turkey","D","Daily","2013","2013","TRY","Turkish Lira","0","Units",,,33.335,,
"TUR","Turkey","D","Daily","2014","2014","TRY","Turkish Lira","0","Units",,,36.75,,
"TUR","Turkey","D","Daily","2015","2015","TRY","Turkish Lira","0","Units",,,42.45,,
"TUR","Turkey","D","Daily","2016","2016","TRY","Turkish Lira","0","Units",,,54.9,,
"TUR","Turkey","D","Daily","2017","2017","TRY","Turkish Lira","0","Units",,,59.25,,
"TUR","Turkey","D","Daily","2018","2018","TRY","Turkish Lira","0","Units",,,67.65,,
"TUR","Turkey","D","Daily","2019","2019","TRY","Turkish Lira","0","Units",,,85.27,,
"KOR","Korea","A","Annual","2010","2010","KRW","Won","0","Units",,,11146320,,
"KOR","Korea","A","Annual","2011","2011","KRW","Won","0","Units",,,11715840,,
"KOR","Korea","A","Annual","2012","2012","KRW","Won","0","Units",,,11486640,,
"KOR","Korea","A","Annual","2013","2013","KRW","Won","0","Units",,,12188880,,
"KOR","Korea","A","Annual","2014","2014","KRW","Won","0","Units",,,13066680,,
"KOR","Korea","A","Annual","2015","2015","KRW","Won","0","Units",,,13994640,,
"KOR","Korea","A","Annual","2016","2016","KRW","Won","0","Units",,,15123240,,
"KOR","Korea","A","Annual","2017","2017","KRW","Won","0","Units",,,16226760,,
"KOR","Korea","A","Annual","2018","2018","KRW","Won","0","Units",,,18885240,,
"KOR","Korea","A","Annual","2019","2019","KRW","Won","0","Units",,,20941800,,
"KOR","Korea","A","Annual","2020","2020","KRW","Won","0","Units",,,21543720,,
"KOR","Korea","A","Annual","2021","2021","KRW","Won","0","Units",,,21869760,,
"JPN","Japan","H","Hourly","2010","2010","JPY","Yen","0","Units",,,717.25,,
"JPN","Japan","H","Hourly","2011","2011","JPY","Yen","0","Units",,,731.75,,
"JPN","Japan","H","Hourly","2012","2012","JPY","Yen","0","Units",,,740,,
"JPN","Japan","H","Hourly","2013","2013","JPY","Yen","0","Units",,,752.75,,
"JPN","Japan","H","Hourly","2014","2014","JPY","Yen","0","Units",,,768,,
"JPN","Japan","H","Hourly","2015","2015","JPY","Yen","0","Units",,,784.5,,
"JPN","Japan","H","Hourly","2016","2016","JPY","Yen","0","Units",,,804.25,,
"JPN","Japan","H","Hourly","2017","2017","JPY","Yen","0","Units",,,829.25,,
"JPN","Japan","H","Hourly","2018","2018","JPY","Yen","0","Units",,,854.5,,
"JPN","Japan","H","Hourly","2019","2019","JPY","Yen","0","Units",,,880.8,,
"JPN","Japan","H","Hourly","2020","2020","JPY","Yen","0","Units",,,901,,
"NLD","Netherlands","W","Weekly","2010","2010","EUR","Euro","0","Units",,,325.8,,
"NLD","Netherlands","W","Weekly","2011","2011","EUR","Euro","0","Units",,,330,,
"NLD","Netherlands","W","Weekly","2012","2012","EUR","Euro","0","Units",,,335,,
"NLD","Netherlands","W","Weekly","2013","2013","EUR","Euro","0","Units",,,339.1,,
"NLD","Netherlands","W","Weekly","2014","2014","EUR","Euro","0","Units",,,344,,
"NLD","Netherlands","W","Weekly","2015","2015","EUR","Euro","0","Units",,,348,,
"NLD","Netherlands","W","Weekly","2016","2016","EUR","Euro","0","Units",,,353.3,,
"NLD","Netherlands","W","Weekly","2017","2017","EUR","Euro","0","Units",,,359.7,,
"NLD","Netherlands","W","Weekly","2018","2018","EUR","Euro","0","Units",,,366,,
"NLD","Netherlands","W","Weekly","2019","2019","EUR","Euro","0","Units",,,375.2,,
"NLD","Netherlands","W","Weekly","2020","2020","EUR","Euro","0","Units",,,384.7,,
"NLD","Netherlands","W","Weekly","2021","2021","EUR","Euro","0","Units",,,388.1,,
"ESP","Spain","M","Monthly","2010","2010","EUR","Euro","0","Units",,,738.85,,
"ESP","Spain","M","Monthly","2011","2011","EUR","Euro","0","Units",,,748.3,,
"ESP","Spain","M","Monthly","2012","2012","EUR","Euro","0","Units",,,748.3,,
"ESP","Spain","M","Monthly","2013","2013","EUR","Euro","0","Units",,,752.85,,
"ESP","Spain","M","Monthly","2014","2014","EUR","Euro","0","Units",,,752.85,,
"ESP","Spain","M","Monthly","2015","2015","EUR","Euro","0","Units",,,756.7,,
"ESP","Spain","M","Monthly","2016","2016","EUR","Euro","0","Units",,,764.26,,
"ESP","Spain","M","Monthly","2017","2017","EUR","Euro","0","Units",,,825.65,,
"ESP","Spain","M","Monthly","2018","2018","EUR","Euro","0","Units",,,858.55,,
"ESP","Spain","M","Monthly","2019","2019","EUR","Euro","0","Units",,,1050,,
"ESP","Spain","M","Monthly","2020","2020","EUR","Euro","0","Units",,,1108.33,,
"ESP","Spain","M","Monthly","2021","2021","EUR","Euro","0","Units",,,1114.16,,
"FRA","France","M","Monthly","2010","2010","EUR","Euro","0","Units",,,1340.74,,
"FRA","France","M","Monthly","2011","2011","EUR","Euro","0","Units",,,1367.4,,
"FRA","France","M","Monthly","2012","2012","EUR","Euro","0","Units",,,1412.02,,
"FRA","France","M","Monthly","2013","2013","EUR","Euro","0","Units",,,1430.22,,
"FRA","France","M","Monthly","2014","2014","EUR","Euro","0","Units",,,1445.38,,
"FRA","France","M","Monthly","2015","2015","EUR","Euro","0","Units",,,1457.52,,
"FRA","France","M","Monthly","2016","2016","EUR","Euro","0","Units",,,1466.62,,
"FRA","France","M","Monthly","2017","2017","EUR","Euro","0","Units",,,1480.27,,
"FRA","France","M","Monthly","2018","2018","EUR","Euro","0","Units",,,1498.47,,
"FRA","France","M","Monthly","2019","2019","EUR","Euro","0","Units",,,1521.22,,
"FRA","France","M","Monthly","2020","2020","EUR","Euro","0","Units",,,1539.42,,
"FRA","France","M","Monthly","2021","2021","EUR","Euro","0","Units",,,1554.6,,
"IRL","Ireland","H","Hourly","2010","2010","EUR","Euro","0","Units",,,8.65,,
"IRL","Ireland","H","Hourly","2011","2011","EUR","Euro","0","Units",,,8.65,,
"IRL","Ireland","H","Hourly","2012","2012","EUR","Euro","0","Units",,,8.65,,
"IRL","Ireland","H","Hourly","2013","2013","EUR","Euro","0","Units",,,8.65,,
"IRL","Ireland","H","Hourly","2014","2014","EUR","Euro","0","Units",,,8.65,,
"IRL","Ireland","H","Hourly","2015","2015","EUR","Euro","0","Units",,,8.65,,
"IRL","Ireland","H","Hourly","2016","2016","EUR","Euro","0","Units",,,9.15,,
"IRL","Ireland","H","Hourly","2017","2017","EUR","Euro","0","Units",,,9.25,,
"IRL","Ireland","H","Hourly","2018","2018","EUR","Euro","0","Units",,,9.55,,
"IRL","Ireland","H","Hourly","2019","2019","EUR","Euro","0","Units",,,9.8,,
"IRL","Ireland","H","Hourly","2020","2020","EUR","Euro","0","Units",,,10.1,,
"IRL","Ireland","H","Hourly","2021","2021","EUR","Euro","0","Units",,,10.2,,
"LTU","Lithuania","H","Hourly","2010","2010","EUR","Euro","0","Units",,,1.404657,,
"LTU","Lithuania","H","Hourly","2011","2011","EUR","Euro","0","Units",,,1.404657,,
"LTU","Lithuania","H","Hourly","2012","2012","EUR","Euro","0","Units",,,1.4423076,,
"LTU","Lithuania","H","Hourly","2013","2013","EUR","Euro","0","Units",,,1.491543,,
"LTU","Lithuania","H","Hourly","2014","2014","EUR","Euro","0","Units",,,1.5726366,,
"LTU","Lithuania","H","Hourly","2015","2015","EUR","Euro","0","Units",,,1.95,,
"LTU","Lithuania","H","Hourly","2016","2016","EUR","Euro","0","Units",,,2.23,,
"LTU","Lithuania","H","Hourly","2017","2017","EUR","Euro","0","Units",,,2.32,,
"LTU","Lithuania","H","Hourly","2018","2018","EUR","Euro","0","Units",,,2.45,,
"LTU","Lithuania","H","Hourly","2019","2019","EUR","Euro","0","Units",,,3.39,,
"LTU","Lithuania","H","Hourly","2020","2020","EUR","Euro","0","Units",,,3.39,,
"LTU","Lithuania","H","Hourly","2021","2021","EUR","Euro","0","Units",,,3.93,,
"PRT","Portugal","A","Annual","2010","2010","EUR","Euro","0","Units",,,6650.04,,
"PRT","Portugal","A","Annual","2011","2011","EUR","Euro","0","Units",,,6789.96,,
"PRT","Portugal","A","Annual","2012","2012","EUR","Euro","0","Units",,,6789.96,,
"PRT","Portugal","A","Annual","2013","2013","EUR","Euro","0","Units",,,6789.96,,
"PRT","Portugal","A","Annual","2014","2014","EUR","Euro","0","Units",,,6789.96,,
"PRT","Portugal","A","Annual","2015","2015","EUR","Euro","0","Units",,,7070.04,,
"PRT","Portugal","A","Annual","2016","2016","EUR","Euro","0","Units",,,7419.96,,
"PRT","Portugal","A","Annual","2017","2017","EUR","Euro","0","Units",,,7797.96,,
"PRT","Portugal","A","Annual","2018","2018","EUR","Euro","0","Units",,,8120.04,,
"PRT","Portugal","A","Annual","2019","2019","EUR","Euro","0","Units",,,8400,,
"PRT","Portugal","A","Annual","2020","2020","EUR","Euro","0","Units",,,8890,,
"PRT","Portugal","A","Annual","2021","2021","EUR","Euro","0","Units",,,9310,,
"FRA","France","H","Hourly","2010","2010","EUR","Euro","0","Units",,,8.84,,
"FRA","France","H","Hourly","2011","2011","EUR","Euro","0","Units",,,9.02,,
"FRA","France","H","Hourly","2012","2012","EUR","Euro","0","Units",,,9.31,,
"FRA","France","H","Hourly","2013","2013","EUR","Euro","0","Units",,,9.43,,
"FRA","France","H","Hourly","2014","2014","EUR","Euro","0","Units",,,9.53,,
"FRA","France","H","Hourly","2015","2015","EUR","Euro","0","Units",,,9.61,,
"FRA","France","H","Hourly","2016","2016","EUR","Euro","0","Units",,,9.67,,
"FRA","France","H","Hourly","2017","2017","EUR","Euro","0","Units",,,9.76,,
"FRA","France","H","Hourly","2018","2018","EUR","Euro","0","Units",,,9.88,,
"FRA","France","H","Hourly","2019","2019","EUR","Euro","0","Units",,,10.03,,
"FRA","France","H","Hourly","2020","2020","EUR","Euro","0","Units",,,10.15,,
"FRA","France","H","Hourly","2021","2021","EUR","Euro","0","Units",,,10.25,,
"BRA","Brazil","A","Annual","2010","2010","BRL","Brazilian Real","0","Units",,,6120,,
"BRA","Brazil","A","Annual","2011","2011","BRL","Brazilian Real","0","Units",,,6530,,
"BRA","Brazil","A","Annual","2012","2012","BRL","Brazilian Real","0","Units",,,7464,,
"BRA","Brazil","A","Annual","2013","2013","BRL","Brazilian Real","0","Units",,,8136,,
"BRA","Brazil","A","Annual","2014","2014","BRL","Brazilian Real","0","Units",,,8688,,
"BRA","Brazil","A","Annual","2015","2015","BRL","Brazilian Real","0","Units",,,9456,,
"BRA","Brazil","A","Annual","2016","2016","BRL","Brazilian Real","0","Units",,,10560,,
"BRA","Brazil","A","Annual","2017","2017","BRL","Brazilian Real","0","Units",,,11244,,
"BRA","Brazil","A","Annual","2018","2018","BRL","Brazilian Real","0","Units",,,11448,,
"BRA","Brazil","A","Annual","2019","2019","BRL","Brazilian Real","0","Units",,,11976,,
"BRA","Brazil","A","Annual","2020","2020","BRL","Brazilian Real","0","Units",,,12534,,
"BRA","Brazil","A","Annual","2021","2021","BRL","Brazilian Real","0","Units",,,13200,,
"KOR","Korea","D","Daily","2010","2010","KRW","Won","0","Units",,,32880,,
"KOR","Korea","D","Daily","2011","2011","KRW","Won","0","Units",,,34560,,
"KOR","Korea","D","Daily","2012","2012","KRW","Won","0","Units",,,36640,,
"KOR","Korea","D","Daily","2013","2013","KRW","Won","0","Units",,,38880,,
"KOR","Korea","D","Daily","2014","2014","KRW","Won","0","Units",,,41680,,
"KOR","Korea","D","Daily","2015","2015","KRW","Won","0","Units",,,44640,,
"KOR","Korea","D","Daily","2016","2016","KRW","Won","0","Units",,,48240,,
"KOR","Korea","D","Daily","2017","2017","KRW","Won","0","Units",,,51760,,
"KOR","Korea","D","Daily","2018","2018","KRW","Won","0","Units",,,60240,,
"KOR","Korea","D","Daily","2019","2019","KRW","Won","0","Units",,,66800,,
"KOR","Korea","D","Daily","2020","2020","KRW","Won","0","Units",,,68720,,
"KOR","Korea","D","Daily","2021","2021","KRW","Won","0","Units",,,68760,,
"TUR","Turkey","A","Annual","2010","2010","TRY","Turkish Lira","0","Units",,,8937,,
"TUR","Turkey","A","Annual","2011","2011","TRY","Turkish Lira","0","Units",,,9801,,
"TUR","Turkey","A","Annual","2012","2012","TRY","Turkish Lira","0","Units",,,10962,,
"TUR","Turkey","A","Annual","2013","2013","TRY","Turkish Lira","0","Units",,,12000.6,,
"TUR","Turkey","A","Annual","2014","2014","TRY","Turkish Lira","0","Units",,,13230,,
"TUR","Turkey","A","Annual","2015","2015","TRY","Turkish Lira","0","Units",,,14850,,
"TUR","Turkey","A","Annual","2016","2016","TRY","Turkish Lira","0","Units",,,19764,,
"TUR","Turkey","A","Annual","2017","2017","TRY","Turkish Lira","0","Units",,,21330,,
"TUR","Turkey","A","Annual","2018","2018","TRY","Turkish Lira","0","Units",,,24354,,
"TUR","Turkey","A","Annual","2019","2019","TRY","Turkish Lira","0","Units",,,30700,,
"TUR","Turkey","A","Annual","2020","2020","TRY","Turkish Lira","0","Units",,,35316,,
"TUR","Turkey","A","Annual","2021","2021","TRY","Turkish Lira","0","Units",,,42930,,
"NZL","New Zealand","H","Hourly","2010","2010","NZD","New Zealand Dollar","0","Units",,,12.69,,
"NZL","New Zealand","H","Hourly","2011","2011","NZD","New Zealand Dollar","0","Units",,,12.94,,
"NZL","New Zealand","H","Hourly","2012","2012","NZD","New Zealand Dollar","0","Units",,,13.38,,
"NZL","New Zealand","H","Hourly","2013","2013","NZD","New Zealand Dollar","0","Units",,,13.69,,
"NZL","New Zealand","H","Hourly","2014","2014","NZD","New Zealand Dollar","0","Units",,,14.06,,
"NZL","New Zealand","H","Hourly","2015","2015","NZD","New Zealand Dollar","0","Units",,,14.63,,
"NZL","New Zealand","H","Hourly","2016","2016","NZD","New Zealand Dollar","0","Units",,,15.13,,
"NZL","New Zealand","H","Hourly","2017","2017","NZD","New Zealand Dollar","0","Units",,,15.63,,
"NZL","New Zealand","H","Hourly","2018","2018","NZD","New Zealand Dollar","0","Units",,,16.19,,
"NZL","New Zealand","H","Hourly","2019","2019","NZD","New Zealand Dollar","0","Units",,,17.4,,
"NZL","New Zealand","H","Hourly","2020","2020","NZD","New Zealand Dollar","0","Units",,,18.6,,
"NZL","New Zealand","H","Hourly","2021","2021","NZD","New Zealand Dollar","0","Units",,,19.73,,
"ROU","Romania","A","Annual","2010","2010","RON","Romanian Leu","0","Units",,,7200,,
"ROU","Romania","A","Annual","2011","2011","RON","Romanian Leu","0","Units",,,8040,,
"ROU","Romania","A","Annual","2012","2012","RON","Romanian Leu","0","Units",,,8400,,
"ROU","Romania","A","Annual","2013","2013","RON","Romanian Leu","0","Units",,,9300,,
"ROU","Romania","A","Annual","2014","2014","RON","Romanian Leu","0","Units",,,10550,,
"ROU","Romania","A","Annual","2015","2015","RON","Romanian Leu","0","Units",,,12225,,
"ROU","Romania","A","Annual","2016","2016","RON","Romanian Leu","0","Units",,,14000,,
"ROU","Romania","A","Annual","2017","2017","RON","Romanian Leu","0","Units",,,17200,,
"ROU","Romania","A","Annual","2018","2018","RON","Romanian Leu","0","Units",,,22800,,
"ROU","Romania","A","Annual","2019","2019","RON","Romanian Leu","0","Units",,,24960,,
"ROU","Romania","A","Annual","2020","2020","RON","Romanian Leu","0","Units",,,26760,,
"ROU","Romania","A","Annual","2021","2021","RON","Romanian Leu","0","Units",,,27250,,
"LUX","Luxembourg","M","Monthly","2010","2010","EUR","Euro","0","Units",,,1704,,
"LUX","Luxembourg","M","Monthly","2011","2011","EUR","Euro","0","Units",,,1758,,
"LUX","Luxembourg","M","Monthly","2012","2012","EUR","Euro","0","Units",,,1791,,
"LUX","Luxembourg","M","Monthly","2013","2013","EUR","Euro","0","Units",,,1820,,
"LUX","Luxembourg","M","Monthly","2014","2014","EUR","Euro","0","Units",,,1910,,
"LUX","Luxembourg","M","Monthly","2015","2015","EUR","Euro","0","Units",,,1923,,
"LUX","Luxembourg","M","Monthly","2016","2016","EUR","Euro","0","Units",,,1923,,
"LUX","Luxembourg","M","Monthly","2017","2017","EUR","Euro","0","Units",,,1999,,
"LUX","Luxembourg","M","Monthly","2018","2018","EUR","Euro","0","Units",,,2019,,
"LUX","Luxembourg","M","Monthly","2019","2019","EUR","Euro","0","Units",,,2090,,
"LUX","Luxembourg","M","Monthly","2020","2020","EUR","Euro","0","Units",,,2142,,
"LUX","Luxembourg","M","Monthly","2021","2021","EUR","Euro","0","Units",,,2216,,
"SVK","Slovak Republic","H","Hourly","2010","2010","EUR","Euro","0","Units",,,1.768,,
"SVK","Slovak Republic","H","Hourly","2011","2011","EUR","Euro","0","Units",,,1.822,,
"SVK","Slovak Republic","H","Hourly","2012","2012","EUR","Euro","0","Units",,,1.88,,
"SVK","Slovak Republic","H","Hourly","2013","2013","EUR","Euro","0","Units",,,1.941,,
"SVK","Slovak Republic","H","Hourly","2014","2014","EUR","Euro","0","Units",,,2.023,,
"SVK","Slovak Republic","H","Hourly","2015","2015","EUR","Euro","0","Units",,,2.184,,
"SVK","Slovak Republic","H","Hourly","2016","2016","EUR","Euro","0","Units",,,2.328,,
"SVK","Slovak Republic","H","Hourly","2017","2017","EUR","Euro","0","Units",,,2.5,,
"SVK","Slovak Republic","H","Hourly","2018","2018","EUR","Euro","0","Units",,,2.76,,
"SVK","Slovak Republic","H","Hourly","2019","2019","EUR","Euro","0","Units",,,2.95,,
"SVK","Slovak Republic","H","Hourly","2020","2020","EUR","Euro","0","Units",,,3.33,,
"SVK","Slovak Republic","H","Hourly","2021","2021","EUR","Euro","0","Units",,,3.58,,
"ISR","Israel","H","Hourly","2010","2010","ILS","New Israeli Sheqel","0","Units",,,20.7,,
"ISR","Israel","H","Hourly","2011","2011","ILS","New Israeli Sheqel","0","Units",,,21.43,,
"ISR","Israel","H","Hourly","2012","2012","ILS","New Israeli Sheqel","0","Units",,,22.31,,
"ISR","Israel","H","Hourly","2013","2013","ILS","New Israeli Sheqel","0","Units",,,23.12,,
"ISR","Israel","H","Hourly","2014","2014","ILS","New Israeli Sheqel","0","Units",,,23.12,,
"ISR","Israel","H","Hourly","2015","2015","ILS","New Israeli Sheqel","0","Units",,,24.53,,
"ISR","Israel","H","Hourly","2016","2016","ILS","New Israeli Sheqel","0","Units",,,25.47,,
"ISR","Israel","H","Hourly","2017","2017","ILS","New Israeli Sheqel","0","Units",,,26.88,,
"ISR","Israel","H","Hourly","2018","2018","ILS","New Israeli Sheqel","0","Units",,,28.5,,
"ISR","Israel","H","Hourly","2019","2019","ILS","New Israeli Sheqel","0","Units",,,28.5,,
"ISR","Israel","H","Hourly","2020","2020","ILS","New Israeli Sheqel","0","Units",,,28.5,,
"ISR","Israel","H","Hourly","2021","2021","ILS","New Israeli Sheqel","0","Units",,,28.5,,
"IRL","Ireland","A","Annual","2010","2010","EUR","Euro","0","Units",,,17992,,
"IRL","Ireland","A","Annual","2011","2011","EUR","Euro","0","Units",,,17992,,
"IRL","Ireland","A","Annual","2012","2012","EUR","Euro","0","Units",,,17992,,
"IRL","Ireland","A","Annual","2013","2013","EUR","Euro","0","Units",,,17992,,
"IRL","Ireland","A","Annual","2014","2014","EUR","Euro","0","Units",,,17992,,
"IRL","Ireland","A","Annual","2015","2015","EUR","Euro","0","Units",,,17992,,
"IRL","Ireland","A","Annual","2016","2016","EUR","Euro","0","Units",,,19032,,
"IRL","Ireland","A","Annual","2017","2017","EUR","Euro","0","Units",,,19240,,
"IRL","Ireland","A","Annual","2018","2018","EUR","Euro","0","Units",,,19864,,
"IRL","Ireland","A","Annual","2019","2019","EUR","Euro","0","Units",,,20384,,
"IRL","Ireland","A","Annual","2020","2020","EUR","Euro","0","Units",,,21008,,
"IRL","Ireland","A","Annual","2021","2021","EUR","Euro","0","Units",,,21216,,
"BEL","Belgium","M","Monthly","2010","2010","EUR","Euro","0","Units",,,1387.5,,
"BEL","Belgium","M","Monthly","2011","2011","EUR","Euro","0","Units",,,1429.4,,
"BEL","Belgium","M","Monthly","2012","2012","EUR","Euro","0","Units",,,1458,,
"BEL","Belgium","M","Monthly","2013","2013","EUR","Euro","0","Units",,,1501.8,,
"BEL","Belgium","M","Monthly","2014","2014","EUR","Euro","0","Units",,,1501.8,,
"BEL","Belgium","M","Monthly","2015","2015","EUR","Euro","0","Units",,,1501.8,,
"BEL","Belgium","M","Monthly","2016","2016","EUR","Euro","0","Units",,,1516.9,,
"BEL","Belgium","M","Monthly","2017","2017","EUR","Euro","0","Units",,,1547.3,,
"BEL","Belgium","M","Monthly","2018","2018","EUR","Euro","0","Units",,,1562.6,,
"BEL","Belgium","M","Monthly","2019","2019","EUR","Euro","0","Units",,,1593.8,,
"BEL","Belgium","M","Monthly","2020","2020","EUR","Euro","0","Units",,,1609.8,,
"BEL","Belgium","M","Monthly","2021","2021","EUR","Euro","0","Units",,,1625.7,,
"CHL","Chile","M","Monthly","2010","2010","CLP","Chilean Peso","0","Units",,,168500,,
"CHL","Chile","M","Monthly","2011","2011","CLP","Chilean Peso","0","Units",,,177000,,
"CHL","Chile","M","Monthly","2012","2012","CLP","Chilean Peso","0","Units",,,187500,,
"CHL","Chile","M","Monthly","2013","2013","CLP","Chilean Peso","0","Units",,,200083,,
"CHL","Chile","M","Monthly","2014","2014","CLP","Chilean Peso","0","Units",,,216250,,
"CHL","Chile","M","Monthly","2015","2015","CLP","Chilean Peso","0","Units",,,231750,,
"CHL","Chile","M","Monthly","2016","2016","CLP","Chilean Peso","0","Units",,,253750,,
"CHL","Chile","M","Monthly","2017","2017","CLP","Chilean Peso","0","Units",,,267000,,
"CHL","Chile","M","Monthly","2018","2018","CLP","Chilean Peso","0","Units",,,280000,,
"CHL","Chile","M","Monthly","2019","2019","CLP","Chilean Peso","0","Units",,,298833,,
"CHL","Chile","M","Monthly","2020","2020","CLP","Chilean Peso","0","Units",,,317250,,
"CHL","Chile","M","Monthly","2021","2021","CLP","Chilean Peso","0","Units",,,334250,,
"MLT","Malta","A","Annual","2010","2010","EUR","Euro","0","Units",,,7919.08,,
"MLT","Malta","A","Annual","2011","2011","EUR","Euro","0","Units",,,7979.4,,
"MLT","Malta","A","Annual","2012","2012","EUR","Euro","0","Units",,,8221.72,,
"MLT","Malta","A","Annual","2013","2013","EUR","Euro","0","Units",,,8433.88,,
"MLT","Malta","A","Annual","2014","2014","EUR","Euro","0","Units",,,8615.36,,
"MLT","Malta","A","Annual","2015","2015","EUR","Euro","0","Units",,,8645.52,,
"MLT","Malta","A","Annual","2016","2016","EUR","Euro","0","Units",,,8736.52,,
"MLT","Malta","A","Annual","2017","2017","EUR","Euro","0","Units",,,8827.52,,
"MLT","Malta","A","Annual","2018","2018","EUR","Euro","0","Units",,,8970.52,,
"MLT","Malta","A","Annual","2019","2019","EUR","Euro","0","Units",,,9144,,
"MLT","Malta","A","Annual","2020","2020","EUR","Euro","0","Units",,,9325,,
"MLT","Malta","A","Annual","2021","2021","EUR","Euro","0","Units",,,9416,,
"POL","Poland","M","Monthly","2010","2010","PLN","Zloty","0","Units",,,1317,,
"POL","Poland","M","Monthly","2011","2011","PLN","Zloty","0","Units",,,1386,,
"POL","Poland","M","Monthly","2012","2012","PLN","Zloty","0","Units",,,1500,,
"POL","Poland","M","Monthly","2013","2013","PLN","Zloty","0","Units",,,1600,,
"POL","Poland","M","Monthly","2014","2014","PLN","Zloty","0","Units",,,1680,,
"POL","Poland","M","Monthly","2015","2015","PLN","Zloty","0","Units",,,1750,,
"POL","Poland","M","Monthly","2016","2016","PLN","Zloty","0","Units",,,1850,,
"POL","Poland","M","Monthly","2017","2017","PLN","Zloty","0","Units",,,2000,,
"POL","Poland","M","Monthly","2018","2018","PLN","Zloty","0","Units",,,2100,,
"POL","Poland","M","Monthly","2019","2019","PLN","Zloty","0","Units",,,2250,,
"POL","Poland","M","Monthly","2020","2020","PLN","Zloty","0","Units",,,2600,,
"POL","Poland","M","Monthly","2021","2021","PLN","Zloty","0","Units",,,2800,,
"MEX","Mexico","A","Annual","2010","2010","MXN","Mexican Peso","0","Units",,,14500.2,,
"MEX","Mexico","A","Annual","2011","2011","MXN","Mexican Peso","0","Units",,,15095.6,,
"MEX","Mexico","A","Annual","2012","2012","MXN","Mexican Peso","0","Units",,,15740.83,,
"MEX","Mexico","A","Annual","2013","2013","MXN","Mexican Peso","0","Units",,,16411.2,,
"MEX","Mexico","A","Annual","2014","2014","MXN","Mexican Peso","0","Units",,,17050.8,,
"MEX","Mexico","A","Annual","2015","2015","MXN","Mexican Peso","0","Units",,,17870.45,,
"MEX","Mexico","A","Annual","2016","2016","MXN","Mexican Peso","0","Units",,,18990.4,,
"MEX","Mexico","A","Annual","2017","2017","MXN","Mexican Peso","0","Units",,,20810.4,,
"MEX","Mexico","A","Annual","2018","2018","MXN","Mexican Peso","0","Units",,,22973.6,,
"MEX","Mexico","A","Annual","2019","2019","MXN","Mexican Peso","0","Units",,,26700.7,,
"MEX","Mexico","A","Annual","2020","2020","MXN","Mexican Peso","0","Units",,,32037.2,,
"MEX","Mexico","A","Annual","2021","2021","MXN","Mexican Peso","0","Units",,,36842,,
"CZE","Czech Republic","M","Monthly","2010","2010","CZK","Czech Koruna","0","Units",,,8000,,
"CZE","Czech Republic","M","Monthly","2011","2011","CZK","Czech Koruna","0","Units",,,8000,,
"CZE","Czech Republic","M","Monthly","2012","2012","CZK","Czech Koruna","0","Units",,,8000,,
"CZE","Czech Republic","M","Monthly","2013","2013","CZK","Czech Koruna","0","Units",,,8208.3,,
"CZE","Czech Republic","M","Monthly","2014","2014","CZK","Czech Koruna","0","Units",,,8500,,
"CZE","Czech Republic","M","Monthly","2015","2015","CZK","Czech Koruna","0","Units",,,9200,,
"CZE","Czech Republic","M","Monthly","2016","2016","CZK","Czech Koruna","0","Units",,,9900,,
"CZE","Czech Republic","M","Monthly","2017","2017","CZK","Czech Koruna","0","Units",,,11000,,
"CZE","Czech Republic","M","Monthly","2018","2018","CZK","Czech Koruna","0","Units",,,12200,,
"CZE","Czech Republic","M","Monthly","2019","2019","CZK","Czech Koruna","0","Units",,,13500,,
"CZE","Czech Republic","M","Monthly","2020","2020","CZK","Czech Koruna","0","Units",,,14600,,
"CZE","Czech Republic","M","Monthly","2021","2021","CZK","Czech Koruna","0","Units",,,15200,,
"CAN","Canada","A","Annual","2010","2010","CAD","Canadian Dollar","0","Units",,,19448,,
"CAN","Canada","A","Annual","2011","2011","CAD","Canadian Dollar","0","Units",,,20072,,
"CAN","Canada","A","Annual","2012","2012","CAD","Canadian Dollar","0","Units",,,20758.4,,
"CAN","Canada","A","Annual","2013","2013","CAD","Canadian Dollar","0","Units",,,21091.2,,
"CAN","Canada","A","Annual","2014","2014","CAD","Canadian Dollar","0","Units",,,21632,,
"CAN","Canada","A","Annual","2015","2015","CAD","Canadian Dollar","0","Units",,,22214.4,,
"CAN","Canada","A","Annual","2016","2016","CAD","Canadian Dollar","0","Units",,,22880,,
"CAN","Canada","A","Annual","2017","2017","CAD","Canadian Dollar","0","Units",,,23649.6,,
"CAN","Canada","A","Annual","2018","2018","CAD","Canadian Dollar","0","Units",,,26728,,
"CAN","Canada","A","Annual","2019","2019","CAD","Canadian Dollar","0","Units",,,27705.6,,
"CAN","Canada","A","Annual","2020","2020","CAD","Canadian Dollar","0","Units",,,28412.8,,
"USA","United States","H","Hourly","2010","2010","USD","US Dollar","0","Units",,,7.25,,
"USA","United States","H","Hourly","2011","2011","USD","US Dollar","0","Units",,,7.25,,
"USA","United States","H","Hourly","2012","2012","USD","US Dollar","0","Units",,,7.25,,
"USA","United States","H","Hourly","2013","2013","USD","US Dollar","0","Units",,,7.25,,
"USA","United States","H","Hourly","2014","2014","USD","US Dollar","0","Units",,,7.25,,
"USA","United States","H","Hourly","2015","2015","USD","US Dollar","0","Units",,,7.25,,
"USA","United States","H","Hourly","2016","2016","USD","US Dollar","0","Units",,,7.25,,
"USA","United States","H","Hourly","2017","2017","USD","US Dollar","0","Units",,,7.25,,
"USA","United States","H","Hourly","2018","2018","USD","US Dollar","0","Units",,,7.25,,
"USA","United States","H","Hourly","2019","2019","USD","US Dollar","0","Units",,,7.25,,
"USA","United States","H","Hourly","2020","2020","USD","US Dollar","0","Units",,,7.25,,
"USA","United States","H","Hourly","2021","2021","USD","US Dollar","0","Units",,,7.25,,
"MEX","Mexico","D","Daily","2010","2010","MXN","Mexican Peso","0","Units",,,55.77,,
"MEX","Mexico","D","Daily","2011","2011","MXN","Mexican Peso","0","Units",,,58.06,,
"MEX","Mexico","D","Daily","2012","2012","MXN","Mexican Peso","0","Units",,,60.542,,
"MEX","Mexico","D","Daily","2013","2013","MXN","Mexican Peso","0","Units",,,63.12,,
"MEX","Mexico","D","Daily","2014","2014","MXN","Mexican Peso","0","Units",,,65.58,,
"MEX","Mexico","D","Daily","2015","2015","MXN","Mexican Peso","0","Units",,,68.733,,
"MEX","Mexico","D","Daily","2016","2016","MXN","Mexican Peso","0","Units",,,73.04,,
"MEX","Mexico","D","Daily","2017","2017","MXN","Mexican Peso","0","Units",,,80.04,,
"MEX","Mexico","D","Daily","2018","2018","MXN","Mexican Peso","0","Units",,,88.36,,
"MEX","Mexico","D","Daily","2019","2019","MXN","Mexican Peso","0","Units",,,102.68,,
"MEX","Mexico","D","Daily","2020","2020","MXN","Mexican Peso","0","Units",,,123.22,,
"MEX","Mexico","D","Daily","2021","2021","MXN","Mexican Peso","0","Units",,,141.7,,
"LTU","Lithuania","M","Monthly","2010","2010","EUR","Euro","0","Units",,,231.7,,
"LTU","Lithuania","M","Monthly","2011","2011","EUR","Euro","0","Units",,,231.7,,
"LTU","Lithuania","M","Monthly","2012","2012","EUR","Euro","0","Units",,,237.7,,
"LTU","Lithuania","M","Monthly","2013","2013","EUR","Euro","0","Units",,,289.6,,
"LTU","Lithuania","M","Monthly","2014","2014","EUR","Euro","0","Units",,,292.2,,
"LTU","Lithuania","M","Monthly","2015","2015","EUR","Euro","0","Units",,,315,,
"LTU","Lithuania","M","Monthly","2016","2016","EUR","Euro","0","Units",,,365,,
"LTU","Lithuania","M","Monthly","2017","2017","EUR","Euro","0","Units",,,380,,
"LTU","Lithuania","M","Monthly","2018","2018","EUR","Euro","0","Units",,,400,,
"LTU","Lithuania","M","Monthly","2019","2019","EUR","Euro","0","Units",,,555,,
"LTU","Lithuania","M","Monthly","2020","2020","EUR","Euro","0","Units",,,607,,
"LTU","Lithuania","M","Monthly","2021","2021","EUR","Euro","0","Units",,,642,,
"CZE","Czech Republic","H","Hourly","2010","2010","CZK","Czech Koruna","0","Units",,,48.1,,
"CZE","Czech Republic","H","Hourly","2011","2011","CZK","Czech Koruna","0","Units",,,48.1,,
"CZE","Czech Republic","H","Hourly","2012","2012","CZK","Czech Koruna","0","Units",,,48.1,,
"CZE","Czech Republic","H","Hourly","2013","2013","CZK","Czech Koruna","0","Units",,,49.1,,
"CZE","Czech Republic","H","Hourly","2014","2014","CZK","Czech Koruna","0","Units",,,50.6,,
"CZE","Czech Republic","H","Hourly","2015","2015","CZK","Czech Koruna","0","Units",,,55,,
"CZE","Czech Republic","H","Hourly","2016","2016","CZK","Czech Koruna","0","Units",,,58.7,,
"CZE","Czech Republic","H","Hourly","2017","2017","CZK","Czech Koruna","0","Units",,,66,,
"CZE","Czech Republic","H","Hourly","2018","2018","CZK","Czech Koruna","0","Units",,,73.2,,
"CZE","Czech Republic","H","Hourly","2019","2019","CZK","Czech Koruna","0","Units",,,81,,
"CZE","Czech Republic","H","Hourly","2020","2020","CZK","Czech Koruna","0","Units",,,87.3,,
"CZE","Czech Republic","H","Hourly","2021","2021","CZK","Czech Koruna","0","Units",,,90.5,,
"EST","Estonia","A","Annual","2010","2010","EUR","Euro","0","Units",,,3336.24,,
"EST","Estonia","A","Annual","2011","2011","EUR","Euro","0","Units",,,3336.24,,
"EST","Estonia","A","Annual","2012","2012","EUR","Euro","0","Units",,,3480,,
"EST","Estonia","A","Annual","2013","2013","EUR","Euro","0","Units",,,3840,,
"EST","Estonia","A","Annual","2014","2014","EUR","Euro","0","Units",,,4260,,
"EST","Estonia","A","Annual","2015","2015","EUR","Euro","0","Units",,,4680,,
"EST","Estonia","A","Annual","2016","2016","EUR","Euro","0","Units",,,5160,,
"EST","Estonia","A","Annual","2017","2017","EUR","Euro","0","Units",,,5640,,
"EST","Estonia","A","Annual","2018","2018","EUR","Euro","0","Units",,,6000,,
"EST","Estonia","A","Annual","2019","2019","EUR","Euro","0","Units",,,6480,,
"EST","Estonia","A","Annual","2020","2020","EUR","Euro","0","Units",,,7008,,
"EST","Estonia","A","Annual","2021","2021","EUR","Euro","0","Units",,,7008,,
"GBR","United Kingdom","H","Hourly","2010","2010","GBP","Pound Sterling","0","Units",,,5.83,,
"GBR","United Kingdom","H","Hourly","2011","2011","GBP","Pound Sterling","0","Units",,,5.97,,
"GBR","United Kingdom","H","Hourly","2012","2012","GBP","Pound Sterling","0","Units",,,6.11,,
"GBR","United Kingdom","H","Hourly","2013","2013","GBP","Pound Sterling","0","Units",,,6.22,,
"GBR","United Kingdom","H","Hourly","2014","2014","GBP","Pound Sterling","0","Units",,,6.36,,
"GBR","United Kingdom","H","Hourly","2015","2015","GBP","Pound Sterling","0","Units",,,6.55,,
"GBR","United Kingdom","H","Hourly","2016","2016","GBP","Pound Sterling","0","Units",,,7.2,,
"GBR","United Kingdom","H","Hourly","2017","2017","GBP","Pound Sterling","0","Units",,,7.43,,
"GBR","United Kingdom","H","Hourly","2018","2018","GBP","Pound Sterling","0","Units",,,7.75,,
"GBR","United Kingdom","H","Hourly","2019","2019","GBP","Pound Sterling","0","Units",,,8.12,,
"GBR","United Kingdom","H","Hourly","2020","2020","GBP","Pound Sterling","0","Units",,,8.59,,
"GBR","United Kingdom","H","Hourly","2021","2021","GBP","Pound Sterling","0","Units",,,8.86,,
"ESP","Spain","A","Annual","2010","2010","EUR","Euro","0","Units",,,8866.2,,
"ESP","Spain","A","Annual","2011","2011","EUR","Euro","0","Units",,,8979.6,,
"ESP","Spain","A","Annual","2012","2012","EUR","Euro","0","Units",,,8979.6,,
"ESP","Spain","A","Annual","2013","2013","EUR","Euro","0","Units",,,9034.2,,
"ESP","Spain","A","Annual","2014","2014","EUR","Euro","0","Units",,,9034.2,,
"ESP","Spain","A","Annual","2015","2015","EUR","Euro","0","Units",,,9080.4,,
"ESP","Spain","A","Annual","2016","2016","EUR","Euro","0","Units",,,9171.12,,
"ESP","Spain","A","Annual","2017","2017","EUR","Euro","0","Units",,,9907.8,,
"ESP","Spain","A","Annual","2018","2018","EUR","Euro","0","Units",,,10302.6,,
"ESP","Spain","A","Annual","2019","2019","EUR","Euro","0","Units",,,12600,,
"ESP","Spain","A","Annual","2020","2020","EUR","Euro","0","Units",,,13300,,
"ESP","Spain","A","Annual","2021","2021","EUR","Euro","0","Units",,,13369.9,,
"HUN","Hungary","A","Annual","2010","2010","HUF","Forint","0","Units",,,882000,,
"HUN","Hungary","A","Annual","2011","2011","HUF","Forint","0","Units",,,936000,,
"HUN","Hungary","A","Annual","2012","2012","HUF","Forint","0","Units",,,1116000,,
"HUN","Hungary","A","Annual","2013","2013","HUF","Forint","0","Units",,,1176000,,
"HUN","Hungary","A","Annual","2014","2014","HUF","Forint","0","Units",,,1218000,,
"HUN","Hungary","A","Annual","2015","2015","HUF","Forint","0","Units",,,1260000,,
"HUN","Hungary","A","Annual","2016","2016","HUF","Forint","0","Units",,,1332000,,
"HUN","Hungary","A","Annual","2017","2017","HUF","Forint","0","Units",,,1531800,,
"HUN","Hungary","A","Annual","2018","2018","HUF","Forint","0","Units",,,1656000,,
"HUN","Hungary","A","Annual","2019","2019","HUF","Forint","0","Units",,,1788000,,
"HUN","Hungary","A","Annual","2020","2020","HUF","Forint","0","Units",,,1932000,,
"HUN","Hungary","A","Annual","2021","2021","HUF","Forint","0","Units",,,2002400,,
"ISR","Israel","M","Monthly","2010","2010","ILS","New Israeli Sheqel","0","Units",,,3850.15,,
"ISR","Israel","M","Monthly","2011","2011","ILS","New Israeli Sheqel","0","Units",,,3985.1,,
"ISR","Israel","M","Monthly","2012","2012","ILS","New Israeli Sheqel","0","Units",,,4150,,
"ISR","Israel","M","Monthly","2013","2013","ILS","New Israeli Sheqel","0","Units",,,4300,,
"ISR","Israel","M","Monthly","2014","2014","ILS","New Israeli Sheqel","0","Units",,,4300,,
"ISR","Israel","M","Monthly","2015","2015","ILS","New Israeli Sheqel","0","Units",,,4562.5,,
"ISR","Israel","M","Monthly","2016","2016","ILS","New Israeli Sheqel","0","Units",,,4737.5,,
"ISR","Israel","M","Monthly","2017","2017","ILS","New Israeli Sheqel","0","Units",,,5000,,
"ISR","Israel","M","Monthly","2018","2018","ILS","New Israeli Sheqel","0","Units",,,5300,,
"ISR","Israel","M","Monthly","2019","2019","ILS","New Israeli Sheqel","0","Units",,,5300,,
"ISR","Israel","M","Monthly","2020","2020","ILS","New Israeli Sheqel","0","Units",,,5300,,
"ISR","Israel","M","Monthly","2021","2021","ILS","New Israeli Sheqel","0","Units",,,5300,,
"LUX","Luxembourg","H","Hourly","2010","2010","EUR","Euro","0","Units",,,9.85,,
"LUX","Luxembourg","H","Hourly","2011","2011","EUR","Euro","0","Units",,,10.22,,
"LUX","Luxembourg","H","Hourly","2012","2012","EUR","Euro","0","Units",,,10.48,,
"LUX","Luxembourg","H","Hourly","2013","2013","EUR","Euro","0","Units",,,10.62,,
"LUX","Luxembourg","H","Hourly","2014","2014","EUR","Euro","0","Units",,,11.1,,
"LUX","Luxembourg","H","Hourly","2015","2015","EUR","Euro","0","Units",,,11.12,,
"LUX","Luxembourg","H","Hourly","2016","2016","EUR","Euro","0","Units",,,11.12,,
"LUX","Luxembourg","H","Hourly","2017","2017","EUR","Euro","0","Units",,,11.55,,
"LUX","Luxembourg","H","Hourly","2018","2018","EUR","Euro","0","Units",,,11.67,,
"LUX","Luxembourg","H","Hourly","2019","2019","EUR","Euro","0","Units",,,12.08,,
"LUX","Luxembourg","H","Hourly","2020","2020","EUR","Euro","0","Units",,,12.38,,
"LUX","Luxembourg","H","Hourly","2021","2021","EUR","Euro","0","Units",,,12.81,,
"SVK","Slovak Republic","M","Monthly","2010","2010","EUR","Euro","0","Units",,,307.7,,
"SVK","Slovak Republic","M","Monthly","2011","2011","EUR","Euro","0","Units",,,317,,
"SVK","Slovak Republic","M","Monthly","2012","2012","EUR","Euro","0","Units",,,327.2,,
"SVK","Slovak Republic","M","Monthly","2013","2013","EUR","Euro","0","Units",,,337.7,,
"SVK","Slovak Republic","M","Monthly","2014","2014","EUR","Euro","0","Units",,,352,,
"SVK","Slovak Republic","M","Monthly","2015","2015","EUR","Euro","0","Units",,,380,,
"SVK","Slovak Republic","M","Monthly","2016","2016","EUR","Euro","0","Units",,,405,,
"SVK","Slovak Republic","M","Monthly","2017","2017","EUR","Euro","0","Units",,,435,,
"SVK","Slovak Republic","M","Monthly","2018","2018","EUR","Euro","0","Units",,,480,,
"SVK","Slovak Republic","M","Monthly","2019","2019","EUR","Euro","0","Units",,,520,,
"SVK","Slovak Republic","M","Monthly","2020","2020","EUR","Euro","0","Units",,,580,,
"SVK","Slovak Republic","M","Monthly","2021","2021","EUR","Euro","0","Units",,,623,,
"GRC","Greece","A","Annual","2010","2010","EUR","Euro","0","Units",,,10049.64,,
"GRC","Greece","A","Annual","2011","2011","EUR","Euro","0","Units",,,10130.28,,
"GRC","Greece","A","Annual","2012","2012","EUR","Euro","0","Units",,,8484,,
"GRC","Greece","A","Annual","2013","2013","EUR","Euro","0","Units",,,8205,,
"GRC","Greece","A","Annual","2014","2014","EUR","Euro","0","Units",,,8205,,
"GRC","Greece","A","Annual","2015","2015","EUR","Euro","0","Units",,,8205,,
"GRC","Greece","A","Annual","2016","2016","EUR","Euro","0","Units",,,8205,,
"GRC","Greece","A","Annual","2017","2017","EUR","Euro","0","Units",,,8205,,
"GRC","Greece","A","Annual","2018","2018","EUR","Euro","0","Units",,,8205,,
"GRC","Greece","A","Annual","2019","2019","EUR","Euro","0","Units",,,9025,,
"GRC","Greece","A","Annual","2020","2020","EUR","Euro","0","Units",,,9100,,
"GRC","Greece","A","Annual","2021","2021","EUR","Euro","0","Units",,,9100,,
"LTU","Lithuania","A","Annual","2010","2010","EUR","Euro","0","Units",,,2780.352,,
"LTU","Lithuania","A","Annual","2011","2011","EUR","Euro","0","Units",,,2780.352,,
"LTU","Lithuania","A","Annual","2012","2012","EUR","Euro","0","Units",,,2852.757,,
"LTU","Lithuania","A","Annual","2013","2013","EUR","Euro","0","Units",,,3475.44,,
"LTU","Lithuania","A","Annual","2014","2014","EUR","Euro","0","Units",,,3506.58,,
"LTU","Lithuania","A","Annual","2015","2015","EUR","Euro","0","Units",,,3750,,
"LTU","Lithuania","A","Annual","2016","2016","EUR","Euro","0","Units",,,4380,,
"LTU","Lithuania","A","Annual","2017","2017","EUR","Euro","0","Units",,,4560,,
"LTU","Lithuania","A","Annual","2018","2018","EUR","Euro","0","Units",,,4800,,
"LTU","Lithuania","A","Annual","2019","2019","EUR","Euro","0","Units",,,6660,,
"LTU","Lithuania","A","Annual","2020","2020","EUR","Euro","0","Units",,,7284,,
"LTU","Lithuania","A","Annual","2021","2021","EUR","Euro","0","Units",,,7704,,
"MLT","Malta","W","Weekly","2010","2010","EUR","Euro","0","Units",,,152.29,,
"MLT","Malta","W","Weekly","2011","2011","EUR","Euro","0","Units",,,153.45,,
"MLT","Malta","W","Weekly","2012","2012","EUR","Euro","0","Units",,,158.11,,
"MLT","Malta","W","Weekly","2013","2013","EUR","Euro","0","Units",,,162.19,,
"MLT","Malta","W","Weekly","2014","2014","EUR","Euro","0","Units",,,165.68,,
"MLT","Malta","W","Weekly","2015","2015","EUR","Euro","0","Units",,,166.26,,
"MLT","Malta","W","Weekly","2016","2016","EUR","Euro","0","Units",,,168.01,,
"MLT","Malta","W","Weekly","2017","2017","EUR","Euro","0","Units",,,169.76,,
"MLT","Malta","W","Weekly","2018","2018","EUR","Euro","0","Units",,,172.51,,
"MLT","Malta","W","Weekly","2019","2019","EUR","Euro","0","Units",,,175.84,,
"MLT","Malta","W","Weekly","2020","2020","EUR","Euro","0","Units",,,179.33,,
"MLT","Malta","W","Weekly","2021","2021","EUR","Euro","0","Units",,,181.08,,
"JPN","Japan","A","Annual","2010","2010","JPY","Yen","0","Units",,,1491880,,
"JPN","Japan","A","Annual","2011","2011","JPY","Yen","0","Units",,,1522040,,
"JPN","Japan","A","Annual","2012","2012","JPY","Yen","0","Units",,,1539200,,
"JPN","Japan","A","Annual","2013","2013","JPY","Yen","0","Units",,,1565720,,
"JPN","Japan","A","Annual","2014","2014","JPY","Yen","0","Units",,,1597440,,
"JPN","Japan","A","Annual","2015","2015","JPY","Yen","0","Units",,,1631760,,
"JPN","Japan","A","Annual","2016","2016","JPY","Yen","0","Units",,,1672840,,
"JPN","Japan","A","Annual","2017","2017","JPY","Yen","0","Units",,,1724840,,
"JPN","Japan","A","Annual","2018","2018","JPY","Yen","0","Units",,,1777360,,
"JPN","Japan","A","Annual","2019","2019","JPY","Yen","0","Units",,,1831960,,
"JPN","Japan","A","Annual","2020","2020","JPY","Yen","0","Units",,,1874080,,
"AUS","Australia","A","Annual","2010","2010","AUD","Australian Dollar","0","Units",,,28956,,
"AUS","Australia","A","Annual","2011","2011","AUD","Australian Dollar","0","Units",,,30139,,
"AUS","Australia","A","Annual","2012","2012","AUD","Australian Dollar","0","Units",,,31088,,
"AUS","Australia","A","Annual","2013","2013","AUD","Australian Dollar","0","Units",,,31944,,
"AUS","Australia","A","Annual","2014","2014","AUD","Australian Dollar","0","Units",,,32841,,
"AUS","Australia","A","Annual","2015","2015","AUD","Australian Dollar","0","Units",,,33743,,
"AUS","Australia","A","Annual","2016","2016","AUD","Australian Dollar","0","Units",,,34570,,
"AUS","Australia","A","Annual","2017","2017","AUD","Australian Dollar","0","Units",,,35558,,
"AUS","Australia","A","Annual","2018","2018","AUD","Australian Dollar","0","Units",,,36767,,
"AUS","Australia","A","Annual","2019","2019","AUD","Australian Dollar","0","Units",,,37960,,
"AUS","Australia","A","Annual","2020","2020","AUD","Australian Dollar","0","Units",,,38860,,
"AUS","Australia","A","Annual","2021","2021","AUD","Australian Dollar","0","Units",,,39686,,
"ISR","Israel","A","Annual","2010","2010","ILS","New Israeli Sheqel","0","Units",,,46201.8,,
"ISR","Israel","A","Annual","2011","2011","ILS","New Israeli Sheqel","0","Units",,,47821.2,,
"ISR","Israel","A","Annual","2012","2012","ILS","New Israeli Sheqel","0","Units",,,49800,,
"ISR","Israel","A","Annual","2013","2013","ILS","New Israeli Sheqel","0","Units",,,51600,,
"ISR","Israel","A","Annual","2014","2014","ILS","New Israeli Sheqel","0","Units",,,51600,,
"ISR","Israel","A","Annual","2015","2015","ILS","New Israeli Sheqel","0","Units",,,54750,,
"ISR","Israel","A","Annual","2016","2016","ILS","New Israeli Sheqel","0","Units",,,56850,,
"ISR","Israel","A","Annual","2017","2017","ILS","New Israeli Sheqel","0","Units",,,60000,,
"ISR","Israel","A","Annual","2018","2018","ILS","New Israeli Sheqel","0","Units",,,63600,,
"ISR","Israel","A","Annual","2019","2019","ILS","New Israeli Sheqel","0","Units",,,63600,,
"ISR","Israel","A","Annual","2020","2020","ILS","New Israeli Sheqel","0","Units",,,63600,,
"ISR","Israel","A","Annual","2021","2021","ILS","New Israeli Sheqel","0","Units",,,63600,,
"BEL","Belgium","A","Annual","2010","2010","EUR","Euro","0","Units",,,16650,,
"BEL","Belgium","A","Annual","2011","2011","EUR","Euro","0","Units",,,17152.68,,
"BEL","Belgium","A","Annual","2012","2012","EUR","Euro","0","Units",,,17495.76,,
"BEL","Belgium","A","Annual","2013","2013","EUR","Euro","0","Units",,,18021.84,,
"BEL","Belgium","A","Annual","2014","2014","EUR","Euro","0","Units",,,18021.84,,
"BEL","Belgium","A","Annual","2015","2015","EUR","Euro","0","Units",,,18021.84,,
"BEL","Belgium","A","Annual","2016","2016","EUR","Euro","0","Units",,,18202.5,,
"BEL","Belgium","A","Annual","2017","2017","EUR","Euro","0","Units",,,18567.12,,
"BEL","Belgium","A","Annual","2018","2018","EUR","Euro","0","Units",,,18751.08,,
"BEL","Belgium","A","Annual","2019","2019","EUR","Euro","0","Units",,,19125.72,,
"BEL","Belgium","A","Annual","2020","2020","EUR","Euro","0","Units",,,19317.2,,
"BEL","Belgium","A","Annual","2021","2021","EUR","Euro","0","Units",,,19508.6,,
"NZL","New Zealand","A","Annual","2010","2010","NZD","New Zealand Dollar","0","Units",,,26390,,
"NZL","New Zealand","A","Annual","2011","2011","NZD","New Zealand Dollar","0","Units",,,26910,,
"NZL","New Zealand","A","Annual","2012","2012","NZD","New Zealand Dollar","0","Units",,,27820,,
"NZL","New Zealand","A","Annual","2013","2013","NZD","New Zealand Dollar","0","Units",,,28470,,
"NZL","New Zealand","A","Annual","2014","2014","NZD","New Zealand Dollar","0","Units",,,29380,,
"NZL","New Zealand","A","Annual","2015","2015","NZD","New Zealand Dollar","0","Units",,,30420,,
"NZL","New Zealand","A","Annual","2016","2016","NZD","New Zealand Dollar","0","Units",,,31460,,
"NZL","New Zealand","A","Annual","2017","2017","NZD","New Zealand Dollar","0","Units",,,32500,,
"NZL","New Zealand","A","Annual","2018","2018","NZD","New Zealand Dollar","0","Units",,,33670,,
"NZL","New Zealand","A","Annual","2019","2019","NZD","New Zealand Dollar","0","Units",,,35412,,
"NZL","New Zealand","A","Annual","2020","2020","NZD","New Zealand Dollar","0","Units",,,38688,,
"NZL","New Zealand","A","Annual","2021","2021","NZD","New Zealand Dollar","0","Units",,,41028,,
"GBR","United Kingdom","A","Annual","2010","2010","GBP","Pound Sterling","0","Units",,,12132,,
"GBR","United Kingdom","A","Annual","2011","2011","GBP","Pound Sterling","0","Units",,,12412,,
"GBR","United Kingdom","A","Annual","2012","2012","GBP","Pound Sterling","0","Units",,,12704,,
"GBR","United Kingdom","A","Annual","2013","2013","GBP","Pound Sterling","0","Units",,,12938,,
"GBR","United Kingdom","A","Annual","2014","2014","GBP","Pound Sterling","0","Units",,,13224,,
"GBR","United Kingdom","A","Annual","2015","2015","GBP","Pound Sterling","0","Units",,,13624,,
"GBR","United Kingdom","A","Annual","2016","2016","GBP","Pound Sterling","0","Units",,,14976,,
"GBR","United Kingdom","A","Annual","2017","2017","GBP","Pound Sterling","0","Units",,,15444,,
"GBR","United Kingdom","A","Annual","2018","2018","GBP","Pound Sterling","0","Units",,,16115,,
"GBR","United Kingdom","A","Annual","2019","2019","GBP","Pound Sterling","0","Units",,,16879,,
"GBR","United Kingdom","A","Annual","2020","2020","GBP","Pound Sterling","0","Units",,,17872,,
"GBR","United Kingdom","A","Annual","2021","2021","GBP","Pound Sterling","0","Units",,,18434,,
"NLD","Netherlands","M","Monthly","2010","2010","EUR","Euro","0","Units",,,1411.8,,
"NLD","Netherlands","M","Monthly","2011","2011","EUR","Euro","0","Units",,,1421.8,,
"NLD","Netherlands","M","Monthly","2012","2012","EUR","Euro","0","Units",,,1451.4,,
"NLD","Netherlands","M","Monthly","2013","2013","EUR","Euro","0","Units",,,1469.4,,
"NLD","Netherlands","M","Monthly","2014","2014","EUR","Euro","0","Units",,,1490.4,,
"NLD","Netherlands","M","Monthly","2015","2015","EUR","Euro","0","Units",,,1501.8,,
"NLD","Netherlands","M","Monthly","2016","2016","EUR","Euro","0","Units",,,1530.9,,
"NLD","Netherlands","M","Monthly","2017","2017","EUR","Euro","0","Units",,,1558.5,,
"NLD","Netherlands","M","Monthly","2018","2018","EUR","Euro","0","Units",,,1586.1,,
"NLD","Netherlands","M","Monthly","2019","2019","EUR","Euro","0","Units",,,1625.7,,
"NLD","Netherlands","M","Monthly","2020","2020","EUR","Euro","0","Units",,,1666.8,,
"NLD","Netherlands","M","Monthly","2021","2021","EUR","Euro","0","Units",,,1692.9,,
"POL","Poland","A","Annual","2010","2010","PLN","Zloty","0","Units",,,15804,,
"POL","Poland","A","Annual","2011","2011","PLN","Zloty","0","Units",,,16632,,
"POL","Poland","A","Annual","2012","2012","PLN","Zloty","0","Units",,,18000,,
"POL","Poland","A","Annual","2013","2013","PLN","Zloty","0","Units",,,19200,,
"POL","Poland","A","Annual","2014","2014","PLN","Zloty","0","Units",,,20160,,
"POL","Poland","A","Annual","2015","2015","PLN","Zloty","0","Units",,,21000,,
"POL","Poland","A","Annual","2016","2016","PLN","Zloty","0","Units",,,22200,,
"POL","Poland","A","Annual","2017","2017","PLN","Zloty","0","Units",,,24000,,
"POL","Poland","A","Annual","2018","2018","PLN","Zloty","0","Units",,,25200,,
"POL","Poland","A","Annual","2019","2019","PLN","Zloty","0","Units",,,27000,,
"POL","Poland","A","Annual","2020","2020","PLN","Zloty","0","Units",,,31200,,
"POL","Poland","A","Annual","2021","2021","PLN","Zloty","0","Units",,,33600,,
"FRA","France","A","Annual","2010","2010","EUR","Euro","0","Units",,,16088.82,,
"FRA","France","A","Annual","2011","2011","EUR","Euro","0","Units",,,16408.82,,
"FRA","France","A","Annual","2012","2012","EUR","Euro","0","Units",,,16944.24,,
"FRA","France","A","Annual","2013","2013","EUR","Euro","0","Units",,,17162.64,,
"FRA","France","A","Annual","2014","2014","EUR","Euro","0","Units",,,17344.56,,
"FRA","France","A","Annual","2015","2015","EUR","Euro","0","Units",,,17490.24,,
"FRA","France","A","Annual","2016","2016","EUR","Euro","0","Units",,,17599.44,,
"FRA","France","A","Annual","2017","2017","EUR","Euro","0","Units",,,17763.24,,
"FRA","France","A","Annual","2018","2018","EUR","Euro","0","Units",,,17981.64,,
"FRA","France","A","Annual","2019","2019","EUR","Euro","0","Units",,,18254.64,,
"FRA","France","A","Annual","2020","2020","EUR","Euro","0","Units",,,18473.04,,
"FRA","France","A","Annual","2021","2021","EUR","Euro","0","Units",,,18655,,
"GRC","Greece","D","Daily","2010","2010","EUR","Euro","0","Units",,,33.04,,
"GRC","Greece","D","Daily","2011","2011","EUR","Euro","0","Units",,,33.32,,
"GRC","Greece","D","Daily","2012","2012","EUR","Euro","0","Units",,,26.94,,
"GRC","Greece","D","Daily","2013","2013","EUR","Euro","0","Units",,,26.18,,
"GRC","Greece","D","Daily","2014","2014","EUR","Euro","0","Units",,,26.18,,
"GRC","Greece","D","Daily","2015","2015","EUR","Euro","0","Units",,,26.18,,
"GRC","Greece","D","Daily","2016","2016","EUR","Euro","0","Units",,,26.18,,
"GRC","Greece","D","Daily","2017","2017","EUR","Euro","0","Units",,,26.18,,
"GRC","Greece","D","Daily","2018","2018","EUR","Euro","0","Units",,,26.18,,
"GRC","Greece","D","Daily","2019","2019","EUR","Euro","0","Units",,,28.8,,
"GRC","Greece","D","Daily","2020","2020","EUR","Euro","0","Units",,,29.04,,
"GRC","Greece","D","Daily","2021","2021","EUR","Euro","0","Units",,,29.04,,
"RUS","Russian Federation","M","Monthly","2010","2010","RUB","Russian Ruble","0","Units",,,4330,,
"RUS","Russian Federation","M","Monthly","2011","2011","RUB","Russian Ruble","0","Units",,,4494,,
"RUS","Russian Federation","M","Monthly","2012","2012","RUB","Russian Ruble","0","Units",,,4611,,
"RUS","Russian Federation","M","Monthly","2013","2013","RUB","Russian Ruble","0","Units",,,5205,,
"RUS","Russian Federation","M","Monthly","2014","2014","RUB","Russian Ruble","0","Units",,,5554,,
"RUS","Russian Federation","M","Monthly","2015","2015","RUB","Russian Ruble","0","Units",,,5964,,
"RUS","Russian Federation","M","Monthly","2016","2016","RUB","Russian Ruble","0","Units",,,6204,,
"RUS","Russian Federation","M","Monthly","2017","2017","RUB","Russian Ruble","0","Units",,,7650,,
"RUS","Russian Federation","M","Monthly","2018","2018","RUB","Russian Ruble","0","Units",,,10605,,
"RUS","Russian Federation","M","Monthly","2019","2019","RUB","Russian Ruble","0","Units",,,11280,,
"RUS","Russian Federation","M","Monthly","2020","2020","RUB","Russian Ruble","0","Units",,,12130,,
"RUS","Russian Federation","M","Monthly","2021","2021","RUB","Russian Ruble","0","Units",,,12792,,
"RUS","Russian Federation","A","Annual","2010","2010","RUB","Russian Ruble","0","Units",,,51960,,
"RUS","Russian Federation","A","Annual","2011","2011","RUB","Russian Ruble","0","Units",,,53927,,
"RUS","Russian Federation","A","Annual","2012","2012","RUB","Russian Ruble","0","Units",,,55332,,
"RUS","Russian Federation","A","Annual","2013","2013","RUB","Russian Ruble","0","Units",,,62460,,
"RUS","Russian Federation","A","Annual","2014","2014","RUB","Russian Ruble","0","Units",,,66648,,
"RUS","Russian Federation","A","Annual","2015","2015","RUB","Russian Ruble","0","Units",,,71568,,
"RUS","Russian Federation","A","Annual","2016","2016","RUB","Russian Ruble","0","Units",,,74448,,
"RUS","Russian Federation","A","Annual","2017","2017","RUB","Russian Ruble","0","Units",,,91800,,
"RUS","Russian Federation","A","Annual","2018","2018","RUB","Russian Ruble","0","Units",,,127260,,
"RUS","Russian Federation","A","Annual","2019","2019","RUB","Russian Ruble","0","Units",,,135360,,
"RUS","Russian Federation","A","Annual","2020","2020","RUB","Russian Ruble","0","Units",,,145560,,
"RUS","Russian Federation","A","Annual","2021","2021","RUB","Russian Ruble","0","Units",,,153504,,
"LVA","Latvia","M","Monthly","2010","2010","EUR","Euro","0","Units",,,255.6,,
"LVA","Latvia","M","Monthly","2011","2011","EUR","Euro","0","Units",,,284,,
"LVA","Latvia","M","Monthly","2012","2012","EUR","Euro","0","Units",,,284,,
"LVA","Latvia","M","Monthly","2013","2013","EUR","Euro","0","Units",,,284,,
"LVA","Latvia","M","Monthly","2014","2014","EUR","Euro","0","Units",,,320,,
"LVA","Latvia","M","Monthly","2015","2015","EUR","Euro","0","Units",,,360,,
"LVA","Latvia","M","Monthly","2016","2016","EUR","Euro","0","Units",,,370,,
"LVA","Latvia","M","Monthly","2017","2017","EUR","Euro","0","Units",,,380,,
"LVA","Latvia","M","Monthly","2018","2018","EUR","Euro","0","Units",,,430,,
"LVA","Latvia","M","Monthly","2019","2019","EUR","Euro","0","Units",,,430,,
"LVA","Latvia","M","Monthly","2020","2020","EUR","Euro","0","Units",,,430,,
"LVA","Latvia","M","Monthly","2021","2021","EUR","Euro","0","Units",,,500,,
"DEU","Germany","H","Hourly","2015","2015","EUR","Euro","0","Units",,,8.5,,
"DEU","Germany","H","Hourly","2016","2016","EUR","Euro","0","Units",,,8.5,,
"DEU","Germany","H","Hourly","2017","2017","EUR","Euro","0","Units",,,8.84,,
"DEU","Germany","H","Hourly","2018","2018","EUR","Euro","0","Units",,,8.84,,
"DEU","Germany","H","Hourly","2019","2019","EUR","Euro","0","Units",,,9.19,,
"DEU","Germany","H","Hourly","2020","2020","EUR","Euro","0","Units",,,9.35,,
"DEU","Germany","H","Hourly","2021","2021","EUR","Euro","0","Units",,,9.51,,
"DEU","Germany","M","Monthly","2015","2015","EUR","Euro","0","Units",,,1440,,
"DEU","Germany","M","Monthly","2016","2016","EUR","Euro","0","Units",,,1440,,
"DEU","Germany","M","Monthly","2017","2017","EUR","Euro","0","Units",,,1506,,
"DEU","Germany","M","Monthly","2018","2018","EUR","Euro","0","Units",,,1506,,
"DEU","Germany","M","Monthly","2019","2019","EUR","Euro","0","Units",,,1561,,
"DEU","Germany","M","Monthly","2020","2020","EUR","Euro","0","Units",,,1544,,
"DEU","Germany","M","Monthly","2021","2021","EUR","Euro","0","Units",,,1578,,
"DEU","Germany","A","Annual","2015","2015","EUR","Euro","0","Units",,,17280,,
"DEU","Germany","A","Annual","2016","2016","EUR","Euro","0","Units",,,17280,,
"DEU","Germany","A","Annual","2017","2017","EUR","Euro","0","Units",,,18072,,
"DEU","Germany","A","Annual","2018","2018","EUR","Euro","0","Units",,,18072,,
"DEU","Germany","A","Annual","2019","2019","EUR","Euro","0","Units",,,18732,,
"DEU","Germany","A","Annual","2020","2020","EUR","Euro","0","Units",,,18528,,
"DEU","Germany","A","Annual","2021","2021","EUR","Euro","0","Units",,,18940,,
"GRC","Greece","M","Monthly","2010","2010","EUR","Euro","0","Units",,,837.47,,
"GRC","Greece","M","Monthly","2011","2011","EUR","Euro","0","Units",,,844.57,,
"GRC","Greece","M","Monthly","2012","2012","EUR","Euro","0","Units",,,707.04,,
"GRC","Greece","M","Monthly","2013","2013","EUR","Euro","0","Units",,,683.76,,
"GRC","Greece","M","Monthly","2014","2014","EUR","Euro","0","Units",,,683.76,,
"GRC","Greece","M","Monthly","2015","2015","EUR","Euro","0","Units",,,683.76,,
"GRC","Greece","M","Monthly","2016","2016","EUR","Euro","0","Units",,,683.76,,
"GRC","Greece","M","Monthly","2017","2017","EUR","Euro","0","Units",,,683.76,,
"GRC","Greece","M","Monthly","2018","2018","EUR","Euro","0","Units",,,683.76,,
"GRC","Greece","M","Monthly","2019","2019","EUR","Euro","0","Units",,,752.12,,
"GRC","Greece","M","Monthly","2020","2020","EUR","Euro","0","Units",,,758.33,,
"GRC","Greece","M","Monthly","2021","2021","EUR","Euro","0","Units",,,758.33,,
"COL","Colombia","M","Monthly","2010","2010","COP","Colombian Peso","0","Units",,,515000,,
"COL","Colombia","M","Monthly","2011","2011","COP","Colombian Peso","0","Units",,,535600,,
"COL","Colombia","M","Monthly","2012","2012","COP","Colombian Peso","0","Units",,,566700,,
"COL","Colombia","M","Monthly","2013","2013","COP","Colombian Peso","0","Units",,,589500,,
"COL","Colombia","M","Monthly","2014","2014","COP","Colombian Peso","0","Units",,,616000,,
"COL","Colombia","M","Monthly","2015","2015","COP","Colombian Peso","0","Units",,,644350,,
"COL","Colombia","M","Monthly","2016","2016","COP","Colombian Peso","0","Units",,,689454,,
"COL","Colombia","M","Monthly","2017","2017","COP","Colombian Peso","0","Units",,,737717,,
"COL","Colombia","M","Monthly","2018","2018","COP","Colombian Peso","0","Units",,,781242,,
"COL","Colombia","M","Monthly","2019","2019","COP","Colombian Peso","0","Units",,,828116,,
"COL","Colombia","M","Monthly","2020","2020","COP","Colombian Peso","0","Units",,,877803,,
"COL","Colombia","M","Monthly","2021","2021","COP","Colombian Peso","0","Units",,,908526,,
"COL","Colombia","A","Annual","2010","2010","COP","Colombian Peso","0","Units",,,7210000,,
"COL","Colombia","A","Annual","2011","2011","COP","Colombian Peso","0","Units",,,7498400,,
"COL","Colombia","A","Annual","2012","2012","COP","Colombian Peso","0","Units",,,7933800,,
"COL","Colombia","A","Annual","2013","2013","COP","Colombian Peso","0","Units",,,8253000,,
"COL","Colombia","A","Annual","2014","2014","COP","Colombian Peso","0","Units",,,8624000,,
"COL","Colombia","A","Annual","2015","2015","COP","Colombian Peso","0","Units",,,9020900,,
"COL","Colombia","A","Annual","2016","2016","COP","Colombian Peso","0","Units",,,9652356,,
"COL","Colombia","A","Annual","2017","2017","COP","Colombian Peso","0","Units",,,10328038,,
"COL","Colombia","A","Annual","2018","2018","COP","Colombian Peso","0","Units",,,10937388,,
"COL","Colombia","A","Annual","2019","2019","COP","Colombian Peso","0","Units",,,11593624,,
"COL","Colombia","A","Annual","2020","2020","COP","Colombian Peso","0","Units",,,12289242,,
"COL","Colombia","A","Annual","2021","2021","COP","Colombian Peso","0","Units",,,12719364,,
"CRI","Costa Rica","D","Daily","2010","2010","CRC","Costa Rican Colon","0","Units",,,7193.42,,
"CRI","Costa Rica","D","Daily","2011","2011","CRC","Costa Rican Colon","0","Units",,,7640.99,,
"CRI","Costa Rica","D","Daily","2012","2012","CRC","Costa Rican Colon","0","Units",,,8119.7,,
"CRI","Costa Rica","D","Daily","2013","2013","CRC","Costa Rican Colon","0","Units",,,8618.06,,
"CRI","Costa Rica","D","Daily","2014","2014","CRC","Costa Rican Colon","0","Units",,,8944.51,,
"CRI","Costa Rica","D","Daily","2015","2015","CRC","Costa Rican Colon","0","Units",,,9554.04,,
"CRI","Costa Rica","D","Daily","2016","2016","CRC","Costa Rican Colon","0","Units",,,9822.07,,
"CRI","Costa Rica","D","Daily","2017","2017","CRC","Costa Rican Colon","0","Units",,,9822.07,,
"CRI","Costa Rica","D","Daily","2018","2018","CRC","Costa Rican Colon","0","Units",,,10060.75,,
"CRI","Costa Rica","D","Daily","2019","2019","CRC","Costa Rican Colon","0","Units",,,10358.5,,
"CRI","Costa Rica","D","Daily","2020","2020","CRC","Costa Rican Colon","0","Units",,,10620,,
"CRI","Costa Rica","D","Daily","2021","2021","CRC","Costa Rican Colon","0","Units",,,10652,,
"CRI","Costa Rica","M","Monthly","2010","2010","CRC","Costa Rican Colon","0","Units",,,187028.9,,
"CRI","Costa Rica","M","Monthly","2011","2011","CRC","Costa Rican Colon","0","Units",,,198665.7,,
"CRI","Costa Rica","M","Monthly","2012","2012","CRC","Costa Rican Colon","0","Units",,,211112.2,,
"CRI","Costa Rica","M","Monthly","2013","2013","CRC","Costa Rican Colon","0","Units",,,224069.6,,
"CRI","Costa Rica","M","Monthly","2014","2014","CRC","Costa Rican Colon","0","Units",,,233196.2,,
"CRI","Costa Rica","M","Monthly","2015","2015","CRC","Costa Rican Colon","0","Units",,,249087.5,,
"CRI","Costa Rica","M","Monthly","2016","2016","CRC","Costa Rican Colon","0","Units",,,256075.4,,
"CRI","Costa Rica","M","Monthly","2017","2017","CRC","Costa Rican Colon","0","Units",,,256075.4,,
"CRI","Costa Rica","M","Monthly","2018","2018","CRC","Costa Rican Colon","0","Units",,,262298.1,,
"CRI","Costa Rica","M","Monthly","2019","2019","CRC","Costa Rican Colon","0","Units",,,269322,,
"CRI","Costa Rica","M","Monthly","2020","2020","CRC","Costa Rican Colon","0","Units",,,276120,,
"CRI","Costa Rica","M","Monthly","2021","2021","CRC","Costa Rican Colon","0","Units",,,317916,,
"CRI","Costa Rica","A","Annual","2010","2010","CRC","Costa Rican Colon","0","Units",,,2431375.7,,
"CRI","Costa Rica","A","Annual","2011","2011","CRC","Costa Rican Colon","0","Units",,,2582654.1,,
"CRI","Costa Rica","A","Annual","2012","2012","CRC","Costa Rican Colon","0","Units",,,2744458.6,,
"CRI","Costa Rica","A","Annual","2013","2013","CRC","Costa Rican Colon","0","Units",,,2912904.8,,
"CRI","Costa Rica","A","Annual","2014","2014","CRC","Costa Rican Colon","0","Units",,,3031550.6,,
"CRI","Costa Rica","A","Annual","2015","2015","CRC","Costa Rican Colon","0","Units",,,3238137.5,,
"CRI","Costa Rica","A","Annual","2016","2016","CRC","Costa Rican Colon","0","Units",,,3328980.2,,
"CRI","Costa Rica","A","Annual","2017","2017","CRC","Costa Rican Colon","0","Units",,,3328980.2,,
"CRI","Costa Rica","A","Annual","2018","2018","CRC","Costa Rican Colon","0","Units",,,3409875.3,,
"CRI","Costa Rica","A","Annual","2019","2019","CRC","Costa Rican Colon","0","Units",,,3501190,,
"CRI","Costa Rica","A","Annual","2020","2020","CRC","Costa Rican Colon","0","Units",,,3589560,,
"CRI","Costa Rica","A","Annual","2021","2021","CRC","Costa Rican Colon","0","Units",,,4132903,,
"MLT","Malta","M","Monthly","2010","2010","EUR","Euro","0","Units",,,659.9,,
"MLT","Malta","M","Monthly","2011","2011","EUR","Euro","0","Units",,,665,,
"MLT","Malta","M","Monthly","2012","2012","EUR","Euro","0","Units",,,685.1,,
"MLT","Malta","M","Monthly","2013","2013","EUR","Euro","0","Units",,,702.8,,
"MLT","Malta","M","Monthly","2014","2014","EUR","Euro","0","Units",,,718,,
"MLT","Malta","M","Monthly","2015","2015","EUR","Euro","0","Units",,,720.5,,
"MLT","Malta","M","Monthly","2016","2016","EUR","Euro","0","Units",,,728,,
"MLT","Malta","M","Monthly","2017","2017","EUR","Euro","0","Units",,,735.6,,
"MLT","Malta","M","Monthly","2018","2018","EUR","Euro","0","Units",,,747.5,,
"MLT","Malta","M","Monthly","2019","2019","EUR","Euro","0","Units",,,762,,
"MLT","Malta","M","Monthly","2020","2020","EUR","Euro","0","Units",,,777.1,,
"MLT","Malta","M","Monthly","2021","2021","EUR","Euro","0","Units",,,784.7,,
"EST","Estonia","H","Hourly","2010","2010","EUR","Euro","0","Units",,,1.8,,
"EST","Estonia","H","Hourly","2011","2011","EUR","Euro","0","Units",,,1.73,,
"EST","Estonia","H","Hourly","2012","2012","EUR","Euro","0","Units",,,1.8,,
"EST","Estonia","H","Hourly","2013","2013","EUR","Euro","0","Units",,,1.9,,
"EST","Estonia","H","Hourly","2014","2014","EUR","Euro","0","Units",,,2.13,,
"EST","Estonia","H","Hourly","2015","2015","EUR","Euro","0","Units",,,2.34,,
"EST","Estonia","H","Hourly","2016","2016","EUR","Euro","0","Units",,,2.54,,
"EST","Estonia","H","Hourly","2017","2017","EUR","Euro","0","Units",,,2.78,,
"EST","Estonia","H","Hourly","2018","2018","EUR","Euro","0","Units",,,2.97,,
"EST","Estonia","H","Hourly","2019","2019","EUR","Euro","0","Units",,,3.21,,
"EST","Estonia","H","Hourly","2020","2020","EUR","Euro","0","Units",,,3.48,,
"EST","Estonia","H","Hourly","2021","2021","EUR","Euro","0","Units",,,3.48,,
"ESP","Spain","H","Hourly","2010","2010","EUR","Euro","0","Units",,,4.96,,
"ESP","Spain","H","Hourly","2011","2011","EUR","Euro","0","Units",,,5.02,,
"ESP","Spain","H","Hourly","2012","2012","EUR","Euro","0","Units",,,5.02,,
"ESP","Spain","H","Hourly","2013","2013","EUR","Euro","0","Units",,,5.05,,
"ESP","Spain","H","Hourly","2014","2014","EUR","Euro","0","Units",,,5.05,,
"ESP","Spain","H","Hourly","2015","2015","EUR","Euro","0","Units",,,5.08,,
"ESP","Spain","H","Hourly","2016","2016","EUR","Euro","0","Units",,,5.13,,
"ESP","Spain","H","Hourly","2017","2017","EUR","Euro","0","Units",,,5.54,,
"ESP","Spain","H","Hourly","2018","2018","EUR","Euro","0","Units",,,5.76,,
"ESP","Spain","H","Hourly","2019","2019","EUR","Euro","0","Units",,,7.04,,
"ESP","Spain","H","Hourly","2020","2020","EUR","Euro","0","Units",,,7.44,,
"ESP","Spain","H","Hourly","2021","2021","EUR","Euro","0","Units",,,7.47,,
